"week_num","country","streams","date","year","treated_covid_limited","after_start_limited","lstreams"
1,"US",565867144,"1/10/2019",2019,0,0,20.15386988
1,"DE",386237309,"1/10/2019",2019,0,0,19.77196253
1,"UK",134834014,"1/10/2019",2019,0,0,18.71955505
1,"DK",62098286,"1/10/2019",2019,0,0,17.94422895
1,"IE",16122447,"1/10/2019",2019,0,0,16.59572308
1,"AR",62097304,"1/10/2019",2019,0,0,17.94421313
1,"JP",20638109,"1/10/2019",2019,0,0,16.84264988
1,"FR",85373877,"1/10/2019",2019,0,0,18.26255072
1,"CL",98491139,"1/10/2019",2019,0,0,18.40547714
1,"AU",82400079,"1/10/2019",2019,0,0,18.22709695
1,"MX",125346513,"1/10/2019",2019,0,0,18.64659256
1,"ID",105170087,"1/10/2019",2019,0,0,18.47108947
1,"IT",90592124,"1/10/2019",2019,0,0,18.32187784
1,"BR",132799819,"1/10/2019",2019,0,0,18.70435343
1,"ES",213711357,"1/10/2019",2019,0,0,19.18013686
1,"TH",59935395,"1/10/2019",2019,0,0,17.90877779
1,"TR",29130031,"1/10/2019",2019,0,0,17.18728019
1,"SE",48286830,"1/10/2019",2019,0,0,17.69266941
2,"US",590740418,"1/17/2019",2019,0,0,20.19688725
2,"DE",144218701,"1/17/2019",2019,0,0,18.78684146
2,"UK",132826100,"1/17/2019",2019,0,0,18.70455131
2,"DK",24777003,"1/17/2019",2019,0,0,17.02542648
2,"IE",15363227,"1/17/2019",2019,0,0,16.54748735
2,"AR",68911158,"1/17/2019",2019,0,0,18.04832867
2,"JP",16409751,"1/17/2019",2019,0,0,16.61338629
2,"FR",79436336,"1/17/2019",2019,0,0,18.19046645
2,"CL",72753696,"1/17/2019",2019,0,0,18.10259027
2,"AU",80289642,"1/17/2019",2019,0,0,18.20115118
2,"MX",151244008,"1/17/2019",2019,0,0,18.83440504
2,"ID",45589051,"1/17/2019",2019,0,0,17.63517814
2,"IT",100777060,"1/17/2019",2019,0,0,18.42842131
2,"BR",208428833,"1/17/2019",2019,0,0,19.15510821
2,"ES",94134277,"1/17/2019",2019,0,0,18.3602328
2,"TH",8970801,"1/17/2019",2019,0,0,16.00948553
2,"TR",35097716,"1/17/2019",2019,0,0,17.37364662
2,"SE",50452949,"1/17/2019",2019,0,0,17.73655176
3,"US",619020393,"1/24/2019",2019,0,0,20.24364878
3,"DE",157989437,"1/24/2019",2019,0,0,18.87803873
3,"UK",141235659,"1/24/2019",2019,0,0,18.76594039
3,"DK",25028232,"1/24/2019",2019,0,0,17.03551503
3,"IE",16345920,"1/24/2019",2019,0,0,16.60948888
3,"AR",71072342,"1/24/2019",2019,0,0,18.07920882
3,"JP",17059886,"1/24/2019",2019,0,0,16.65224042
3,"FR",82871913,"1/24/2019",2019,0,0,18.23280676
3,"CL",74270946,"1/24/2019",2019,0,0,18.1232304
3,"AU",84283982,"1/24/2019",2019,0,0,18.24970239
3,"MX",162048435,"1/24/2019",2019,0,0,18.90340583
3,"ID",46096746,"1/24/2019",2019,0,0,17.64625292
3,"IT",104987030,"1/24/2019",2019,0,0,18.46934738
3,"BR",222143599,"1/24/2019",2019,0,0,19.21883457
3,"ES",100018549,"1/24/2019",2019,0,0,18.42086622
3,"TH",9365561,"1/24/2019",2019,0,0,16.0525498
3,"TR",35776552,"1/24/2019",2019,0,0,17.39280326
3,"SE",51932970,"1/24/2019",2019,0,0,17.76546441
4,"US",619659923,"1/31/2019",2019,0,0,20.24468137
4,"DE",158869053,"1/31/2019",2019,0,0,18.88359085
4,"UK",141242054,"1/31/2019",2019,0,0,18.76598567
4,"DK",24107420,"1/31/2019",2019,0,0,16.99803023
4,"IE",16409636,"1/31/2019",2019,0,0,16.61337928
4,"AR",70523875,"1/31/2019",2019,0,0,18.07146186
4,"JP",16739861,"1/31/2019",2019,0,0,16.63330332
4,"FR",87308575,"1/31/2019",2019,0,0,18.28495924
4,"CL",74328310,"1/31/2019",2019,0,0,18.12400246
4,"AU",84977329,"1/31/2019",2019,0,0,18.25789506
4,"MX",164048263,"1/31/2019",2019,0,0,18.91567123
4,"ID",46329329,"1/31/2019",2019,0,0,17.65128577
4,"IT",106808108,"1/31/2019",2019,0,0,18.4865444
4,"BR",216971943,"1/31/2019",2019,0,0,19.19527861
4,"ES",102102644,"1/31/2019",2019,0,0,18.44148918
4,"TH",9540470,"1/31/2019",2019,0,0,16.07105331
4,"TR",39240186,"1/31/2019",2019,0,0,17.48521193
4,"SE",53040592,"1/31/2019",2019,0,0,17.78656807
5,"US",615358098,"2/7/2019",2019,0,0,20.23771493
5,"DE",155898710,"2/7/2019",2019,0,0,18.86471706
5,"UK",142416766,"2/7/2019",2019,0,0,18.77426829
5,"DK",23928862,"2/7/2019",2019,0,0,16.9905959
5,"IE",16758263,"2/7/2019",2019,0,0,16.63440201
5,"AR",71244877,"2/7/2019",2019,0,0,18.08163347
5,"JP",17146288,"2/7/2019",2019,0,0,16.65729227
5,"FR",93222970,"2/7/2019",2019,0,0,18.35050471
5,"CL",74782480,"2/7/2019",2019,0,0,18.13009419
5,"AU",86965746,"2/7/2019",2019,0,0,18.28102487
5,"MX",166963200,"2/7/2019",2019,0,0,18.93328399
5,"ID",46485487,"2/7/2019",2019,0,0,17.65465071
5,"IT",116331400,"2/7/2019",2019,0,0,18.57195357
5,"BR",209784309,"2/7/2019",2019,0,0,19.16159046
5,"ES",103246964,"2/7/2019",2019,0,0,18.45263439
5,"TH",9410410,"2/7/2019",2019,0,0,16.05732708
5,"TR",44035375,"2/7/2019",2019,0,0,17.60050385
5,"SE",53045696,"2/7/2019",2019,0,0,17.78666429
6,"US",716584114,"2/14/2019",2019,0,0,20.39000619
6,"DE",164623420,"2/14/2019",2019,0,0,18.91917112
6,"UK",160302939,"2/14/2019",2019,0,0,18.89257595
6,"DK",24537476,"2/14/2019",2019,0,0,17.01571214
6,"IE",19139660,"2/14/2019",2019,0,0,16.76727318
6,"AR",71324689,"2/14/2019",2019,0,0,18.08275309
6,"JP",17594105,"2/14/2019",2019,0,0,16.68307446
6,"FR",96631670,"2/14/2019",2019,0,0,18.38641709
6,"CL",73359977,"2/14/2019",2019,0,0,18.11088907
6,"AU",92836710,"2/14/2019",2019,0,0,18.3463527
6,"MX",169652271,"2/14/2019",2019,0,0,18.94926144
6,"ID",47050496,"2/14/2019",2019,0,0,17.66673197
6,"IT",135886472,"2/14/2019",2019,0,0,18.72733033
6,"BR",206684133,"2/14/2019",2019,0,0,19.14670226
6,"ES",104399052,"2/14/2019",2019,0,0,18.46373115
6,"TH",9729981,"2/14/2019",2019,0,0,16.0907225
6,"TR",42502055,"2/14/2019",2019,0,0,17.56506299
6,"SE",55851530,"2/14/2019",2019,0,0,17.83820748
7,"US",640935925,"2/21/2019",2019,0,0,20.27844005
7,"DE",166236205,"2/21/2019",2019,0,0,18.92892026
7,"UK",152041697,"2/21/2019",2019,0,0,18.83966536
7,"DK",24404013,"2/21/2019",2019,0,0,17.01025814
7,"IE",18447668,"2/21/2019",2019,0,0,16.73044852
7,"AR",73091546,"2/21/2019",2019,0,0,18.10722327
7,"JP",19315016,"2/21/2019",2019,0,0,16.77639338
7,"FR",89630481,"2/21/2019",2019,0,0,18.31120601
7,"CL",71288018,"2/21/2019",2019,0,0,18.08223882
7,"AU",90417268,"2/21/2019",2019,0,0,18.31994582
7,"MX",174310686,"2/21/2019",2019,0,0,18.97634982
7,"ID",47932847,"2/21/2019",2019,0,0,17.68531157
7,"IT",120929835,"2/21/2019",2019,0,0,18.61072106
7,"BR",209087213,"2/21/2019",2019,0,0,19.15826201
7,"ES",105582263,"2/21/2019",2019,0,0,18.47500095
7,"TH",10052222,"2/21/2019",2019,0,0,16.12330426
7,"TR",44945448,"2/21/2019",2019,0,0,17.62096005
7,"SE",54345893,"2/21/2019",2019,0,0,17.8108796
8,"US",622822945,"2/28/2019",2019,0,0,20.24977284
8,"DE",164865553,"2/28/2019",2019,0,0,18.92064087
8,"UK",148772970,"2/28/2019",2019,0,0,18.81793201
8,"DK",24394407,"2/28/2019",2019,0,0,17.00986444
8,"IE",17391742,"2/28/2019",2019,0,0,16.67150605
8,"AR",67884815,"2/28/2019",2019,0,0,18.03332293
8,"JP",19015562,"2/28/2019",2019,0,0,16.76076825
8,"FR",95298123,"2/28/2019",2019,0,0,18.37252067
8,"CL",70477779,"2/28/2019",2019,0,0,18.07080803
8,"AU",87805746,"2/28/2019",2019,0,0,18.2906375
8,"MX",174649509,"2/28/2019",2019,0,0,18.97829172
8,"ID",48221575,"2/28/2019",2019,0,0,17.69131709
8,"IT",112004463,"2/28/2019",2019,0,0,18.53404928
8,"BR",200840062,"2/28/2019",2019,0,0,19.11801944
8,"ES",106639579,"2/28/2019",2019,0,0,18.48496529
8,"TH",9987191,"2/28/2019",2019,0,0,16.11681393
8,"TR",47554745,"2/28/2019",2019,0,0,17.67739213
8,"SE",59328786,"2/28/2019",2019,0,0,17.89860518
9,"US",615062345,"3/7/2019",2019,0,0,20.23723419
9,"DE",154974141,"3/7/2019",2019,0,0,18.85876883
9,"UK",144706228,"3/7/2019",2019,0,0,18.79021623
9,"DK",24141087,"3/7/2019",2019,0,0,16.9994258
9,"IE",16708961,"3/7/2019",2019,0,0,16.63145572
9,"AR",67998472,"3/7/2019",2019,0,0,18.03499579
9,"JP",18375270,"3/7/2019",2019,0,0,16.7265163
9,"FR",94666176,"3/7/2019",2019,0,0,18.36586732
9,"CL",70237130,"3/7/2019",2019,0,0,18.06738765
9,"AU",85770144,"3/7/2019",2019,0,0,18.26718153
9,"MX",176893838,"3/7/2019",2019,0,0,18.99106033
9,"ID",49238732,"3/7/2019",2019,0,0,17.71219111
9,"IT",115529502,"3/7/2019",2019,0,0,18.56503648
9,"BR",204486134,"3/7/2019",2019,0,0,19.13601073
9,"ES",106876124,"3/7/2019",2019,0,0,18.487181
9,"TH",10542779,"3/7/2019",2019,0,0,16.17095173
9,"TR",46371489,"3/7/2019",2019,0,0,17.65219537
9,"SE",62310406,"3/7/2019",2019,0,0,17.947639
10,"US",618703991,"3/14/2019",2019,0,0,20.24313751
10,"DE",157187736,"3/14/2019",2019,0,0,18.87295142
10,"UK",146312494,"3/14/2019",2019,0,0,18.80125526
10,"DK",23557635,"3/14/2019",2019,0,0,16.97496053
10,"IE",16438743,"3/14/2019",2019,0,0,16.61515148
10,"AR",62421441,"3/14/2019",2019,0,0,17.94941938
10,"JP",18194423,"3/14/2019",2019,0,0,16.71662568
10,"FR",93179455,"3/14/2019",2019,0,0,18.35003782
10,"CL",76378832,"3/14/2019",2019,0,0,18.15121615
10,"AU",84153818,"3/14/2019",2019,0,0,18.24815685
10,"MX",176995751,"3/14/2019",2019,0,0,18.99163628
10,"ID",50846599,"3/14/2019",2019,0,0,17.7443238
10,"IT",114732986,"3/14/2019",2019,0,0,18.55811813
10,"BR",177784339,"3/14/2019",2019,0,0,18.9960818
10,"ES",105028852,"3/14/2019",2019,0,0,18.46974565
10,"TH",10668819,"3/14/2019",2019,0,0,16.18283593
10,"TR",46197455,"3/14/2019",2019,0,0,17.64843527
10,"SE",66044132,"3/14/2019",2019,0,0,18.00583374
11,"US",576414389,"3/21/2019",2019,0,1,20.17233739
11,"DE",181926933,"3/21/2019",2019,0,1,19.0191157
11,"UK",142217915,"3/21/2019",2019,0,1,18.77287105
11,"DK",24251226,"3/21/2019",2019,0,1,17.00397773
11,"IE",15786789,"3/21/2019",2019,0,1,16.57468401
11,"AR",63420770,"3/21/2019",2019,0,1,17.96530197
11,"JP",18347430,"3/21/2019",2019,0,1,16.72500007
11,"FR",91359493,"3/21/2019",2019,0,1,18.33031275
11,"CL",77040922,"3/21/2019",2019,0,1,18.15984729
11,"AU",82082466,"3/21/2019",2019,0,1,18.22323498
11,"MX",172560682,"3/21/2019",2019,0,1,18.96625951
11,"ID",51184420,"3/21/2019",2019,0,1,17.75094575
11,"IT",116961529,"3/21/2019",2019,0,1,18.57735563
11,"BR",182684694,"3/21/2019",2019,0,1,19.02327224
11,"ES",104934561,"3/21/2019",2019,0,1,18.46884749
11,"TH",10301555,"3/21/2019",2019,0,1,16.14780541
11,"TR",45521139,"3/21/2019",2019,0,1,17.63368737
11,"SE",59901753,"3/21/2019",2019,0,1,17.90821633
12,"US",563431358,"3/28/2019",2019,0,1,20.14955607
12,"DE",196475946,"3/28/2019",2019,0,1,19.09605057
12,"UK",140815355,"3/28/2019",2019,0,1,18.76296005
12,"DK",23616585,"3/28/2019",2019,0,1,16.97745978
12,"IE",15968594,"3/28/2019",2019,0,1,16.58613448
12,"AR",65192629,"3/28/2019",2019,0,1,17.99285697
12,"JP",18474115,"3/28/2019",2019,0,1,16.73188112
12,"FR",152151994,"3/28/2019",2019,0,1,18.84039054
12,"CL",82172139,"3/28/2019",2019,0,1,18.22432686
12,"AU",80640067,"3/28/2019",2019,0,1,18.20550619
12,"MX",170908399,"3/28/2019",2019,0,1,18.95663829
12,"ID",53268235,"3/28/2019",2019,0,1,17.79085075
12,"IT",124271604,"3/28/2019",2019,0,1,18.63798008
12,"BR",189660954,"3/28/2019",2019,0,1,19.06074858
12,"ES",104834201,"3/28/2019",2019,0,1,18.46789062
12,"TH",10380452,"3/28/2019",2019,0,1,16.15543498
12,"TR",45129244,"3/28/2019",2019,0,1,17.62504102
12,"SE",58916805,"3/28/2019",2019,0,1,17.89163692
13,"US",628185651,"4/4/2019",2019,0,1,20.2583463
13,"DE",187540428,"4/4/2019",2019,0,1,19.049505
13,"UK",147833766,"4/4/2019",2019,0,1,18.811599
13,"DK",24178548,"4/4/2019",2019,0,1,17.00097635
13,"IE",17780507,"4/4/2019",2019,0,1,16.6936133
13,"AR",67941834,"4/4/2019",2019,0,1,18.03416251
13,"JP",18380288,"4/4/2019",2019,0,1,16.72678934
13,"FR",124191534,"4/4/2019",2019,0,1,18.63733556
13,"CL",82801579,"4/4/2019",2019,0,1,18.23195769
13,"AU",85561538,"4/4/2019",2019,0,1,18.26474642
13,"MX",172622082,"4/4/2019",2019,0,1,18.96661527
13,"ID",56835709,"4/4/2019",2019,0,1,17.85567537
13,"IT",120983877,"4/4/2019",2019,0,1,18.61116785
13,"BR",188488994,"4/4/2019",2019,0,1,19.05455018
13,"ES",113127710,"4/4/2019",2019,0,1,18.54402792
13,"TH",10406366,"4/4/2019",2019,0,1,16.15792829
13,"TR",44443251,"4/4/2019",2019,0,1,17.60972367
13,"SE",63350161,"4/4/2019",2019,0,1,17.96418801
14,"US",625531619,"4/11/2019",2019,0,1,20.25411244
14,"DE",190086543,"4/11/2019",2019,0,1,19.06299002
14,"UK",148555863,"4/11/2019",2019,0,1,18.81647163
14,"DK",25485410,"4/11/2019",2019,0,1,17.05361669
14,"IE",17688090,"4/11/2019",2019,0,1,16.68840209
14,"AR",69478270,"4/11/2019",2019,0,1,18.0565246
14,"JP",19193897,"4/11/2019",2019,0,1,16.77010292
14,"FR",158424971,"4/11/2019",2019,0,1,18.88079167
14,"CL",81165001,"4/11/2019",2019,0,1,18.21199469
14,"AU",84969341,"4/11/2019",2019,0,1,18.25780106
14,"MX",172535100,"4/11/2019",2019,0,1,18.96611125
14,"ID",61001210,"4/11/2019",2019,0,1,17.92640426
14,"IT",111563307,"4/11/2019",2019,0,1,18.53010276
14,"BR",195528253,"4/11/2019",2019,0,1,19.09121544
14,"ES",110240610,"4/11/2019",2019,0,1,18.5181759
14,"TH",11723566,"4/11/2019",2019,0,1,16.27711156
14,"TR",43703668,"4/11/2019",2019,0,1,17.59294259
14,"SE",63129073,"4/11/2019",2019,0,1,17.96069197
15,"US",587668556,"4/18/2019",2019,0,1,20.19167367
15,"DE",184572050,"4/18/2019",2019,0,1,19.03355046
15,"UK",150513151,"4/18/2019",2019,0,1,18.82956102
15,"DK",25948475,"4/18/2019",2019,0,1,17.0716234
15,"IE",18587221,"4/18/2019",2019,0,1,16.73798486
15,"AR",71253001,"4/18/2019",2019,0,1,18.0817475
15,"JP",20323115,"4/18/2019",2019,0,1,16.82726947
15,"FR",120177541,"4/18/2019",2019,0,1,18.60448072
15,"CL",79939924,"4/18/2019",2019,0,1,18.19678596
15,"AU",84250998,"4/18/2019",2019,0,1,18.24931097
15,"MX",171476906,"4/18/2019",2019,0,1,18.95995916
15,"ID",62179339,"4/18/2019",2019,0,1,17.94553333
15,"IT",103521159,"4/18/2019",2019,0,1,18.45528658
15,"BR",194927306,"4/18/2019",2019,0,1,19.08813726
15,"ES",109051215,"4/18/2019",2019,0,1,18.50732819
15,"TH",12283863,"4/18/2019",2019,0,1,16.32379701
15,"TR",44052011,"4/18/2019",2019,0,1,17.60088156
15,"SE",69009943,"4/18/2019",2019,0,1,18.04976115
16,"US",547324285,"4/25/2019",2019,0,1,20.12055203
16,"DE",193639362,"4/25/2019",2019,0,1,19.08150803
16,"UK",150753952,"4/25/2019",2019,0,1,18.83115961
16,"DK",24816348,"4/25/2019",2019,0,1,17.02701319
16,"IE",18506159,"4/25/2019",2019,0,1,16.73361415
16,"AR",65145990,"4/25/2019",2019,0,1,17.99214131
16,"JP",20286170,"4/25/2019",2019,0,1,16.82544993
16,"FR",108517184,"4/25/2019",2019,0,1,18.5024191
16,"CL",77565629,"4/25/2019",2019,0,1,18.16663496
16,"AU",78268892,"4/25/2019",2019,0,1,18.17566079
16,"MX",162511855,"4/25/2019",2019,0,1,18.90626151
16,"ID",60831856,"4/25/2019",2019,0,1,17.92362416
16,"IT",95655045,"4/25/2019",2019,0,1,18.376259
16,"BR",184272245,"4/25/2019",2019,0,1,19.03192481
16,"ES",105631331,"4/25/2019",2019,0,1,18.47546558
16,"TH",10924889,"4/25/2019",2019,0,1,16.20655414
16,"TR",44505859,"4/25/2019",2019,0,1,17.6111314
16,"SE",61724925,"4/25/2019",2019,0,1,17.93819838
17,"US",550219749,"5/2/2019",2019,0,1,20.1258283
17,"DE",177623392,"5/2/2019",2019,0,1,18.99517609
17,"UK",150745959,"5/2/2019",2019,0,1,18.83110659
17,"DK",25694061,"5/2/2019",2019,0,1,17.06177043
17,"IE",17203949,"5/2/2019",2019,0,1,16.66064951
17,"AR",63139752,"5/2/2019",2019,0,1,17.96086111
17,"JP",20438743,"5/2/2019",2019,0,1,16.83294282
17,"FR",98141769,"5/2/2019",2019,0,1,18.40192361
17,"CL",73909018,"5/2/2019",2019,0,1,18.11834541
17,"AU",77068976,"5/2/2019",2019,0,1,18.16021137
17,"MX",158831621,"5/2/2019",2019,0,1,18.88335521
17,"ID",62530474,"5/2/2019",2019,0,1,17.95116458
17,"IT",95494763,"5/2/2019",2019,0,1,18.37458197
17,"BR",184738978,"5/2/2019",2019,0,1,19.03445446
17,"ES",98730967,"5/2/2019",2019,0,1,18.4079092
17,"TH",10785865,"5/2/2019",2019,0,1,16.19374704
17,"TR",44022975,"5/2/2019",2019,0,1,17.60022221
17,"SE",63269259,"5/2/2019",2019,0,1,17.96291013
18,"US",553511085,"5/9/2019",2019,0,1,20.13179234
18,"DE",172711042,"5/9/2019",2019,0,1,18.96713048
18,"UK",149927326,"5/9/2019",2019,0,1,18.82566124
18,"DK",26068193,"5/9/2019",2019,0,1,17.07622647
18,"IE",17911677,"5/9/2019",2019,0,1,16.7009634
18,"AR",63527670,"5/9/2019",2019,0,1,17.96698612
18,"JP",20136248,"5/9/2019",2019,0,1,16.81803213
18,"FR",91889043,"5/9/2019",2019,0,1,18.33609235
18,"CL",76193450,"5/9/2019",2019,0,1,18.14878606
18,"AU",80785097,"5/9/2019",2019,0,1,18.20730306
18,"MX",159603379,"5/9/2019",2019,0,1,18.88820241
18,"ID",63701343,"5/9/2019",2019,0,1,17.9697162
18,"IT",99621481,"5/9/2019",2019,0,1,18.41688837
18,"BR",188934192,"5/9/2019",2019,0,1,19.05690932
18,"ES",103870931,"5/9/2019",2019,0,1,18.45865964
18,"TH",10929057,"5/9/2019",2019,0,1,16.20693558
18,"TR",45040546,"5/9/2019",2019,0,1,17.62307366
18,"SE",60539894,"5/9/2019",2019,0,1,17.91881311
19,"US",556215354,"5/16/2019",2019,0,1,20.1366661
19,"DE",177396932,"5/16/2019",2019,0,1,18.99390033
19,"UK",152830027,"5/16/2019",2019,0,1,18.84483693
19,"DK",26618436,"5/16/2019",2019,0,1,17.09711462
19,"IE",18370785,"5/16/2019",2019,0,1,16.72627219
19,"AR",69652189,"5/16/2019",2019,0,1,18.05902469
19,"JP",20646776,"5/16/2019",2019,0,1,16.84306974
19,"FR",91781580,"5/16/2019",2019,0,1,18.33492218
19,"CL",79096076,"5/16/2019",2019,0,1,18.18617382
19,"AU",82372623,"5/16/2019",2019,0,1,18.22676369
19,"MX",164201359,"5/16/2019",2019,0,1,18.91660403
19,"ID",65993314,"5/16/2019",2019,0,1,18.00506399
19,"IT",113055899,"5/16/2019",2019,0,1,18.54339294
19,"BR",188798128,"5/16/2019",2019,0,1,19.0561889
19,"ES",107440876,"5/16/2019",2019,0,1,18.49245126
19,"TH",11308872,"5/16/2019",2019,0,1,16.24109811
19,"TR",46357924,"5/16/2019",2019,0,1,17.6519028
19,"SE",64733917,"5/16/2019",2019,0,1,17.98579584
20,"US",594809018,"5/23/2019",2019,0,1,20.20375093
20,"DE",186162246,"5/23/2019",2019,0,1,19.04212914
20,"UK",157307506,"5/23/2019",2019,0,1,18.87371308
20,"DK",27271308,"5/23/2019",2019,0,1,17.12134572
20,"IE",19692576,"5/23/2019",2019,0,1,16.79575227
20,"AR",70549786,"5/23/2019",2019,0,1,18.0718292
20,"JP",20740875,"5/23/2019",2019,0,1,16.84761695
20,"FR",92205913,"5/23/2019",2019,0,1,18.33953482
20,"CL",78403555,"5/23/2019",2019,0,1,18.17737983
20,"AU",81053838,"5/23/2019",2019,0,1,18.21062416
20,"MX",167665803,"5/23/2019",2019,0,1,18.93748329
20,"ID",64723765,"5/23/2019",2019,0,1,17.985639
20,"IT",107155838,"5/23/2019",2019,0,1,18.48979476
20,"BR",192403490,"5/23/2019",2019,0,1,19.07510524
20,"ES",109097578,"5/23/2019",2019,0,1,18.50775325
20,"TH",11260051,"5/23/2019",2019,0,1,16.23677171
20,"TR",48647586,"5/23/2019",2019,0,1,17.70011275
20,"SE",68877551,"5/23/2019",2019,0,1,18.04784086
21,"US",565269044,"5/30/2019",2019,0,1,20.15281236
21,"DE",193807572,"5/30/2019",2019,0,1,19.08237633
21,"UK",159282872,"5/30/2019",2019,0,1,18.88619225
21,"DK",27234001,"5/30/2019",2019,0,1,17.11997679
21,"IE",18548849,"5/30/2019",2019,0,1,16.7359183
21,"AR",71066873,"5/30/2019",2019,0,1,18.07913186
21,"JP",20705513,"5/30/2019",2019,0,1,16.84591055
21,"FR",93784271,"5/30/2019",2019,0,1,18.35650771
21,"CL",75574075,"5/30/2019",2019,0,1,18.14062386
21,"AU",83797789,"5/30/2019",2019,0,1,18.24391718
21,"MX",172729817,"5/30/2019",2019,0,1,18.96723918
21,"ID",64981871,"5/30/2019",2019,0,1,17.98961888
21,"IT",110302659,"5/30/2019",2019,0,1,18.51873859
21,"BR",192650670,"5/30/2019",2019,0,1,19.07638911
21,"ES",111257226,"5/30/2019",2019,0,1,18.52735543
21,"TH",11343730,"5/30/2019",2019,0,1,16.24417573
21,"TR",51597384,"5/30/2019",2019,0,1,17.75898153
21,"SE",63127096,"5/30/2019",2019,0,1,17.96066065
22,"US",554884764,"6/6/2019",2019,0,1,20.13427102
22,"DE",193155952,"6/6/2019",2019,0,1,19.07900846
22,"UK",148252956,"6/6/2019",2019,0,1,18.81443053
22,"DK",26186737,"6/6/2019",2019,0,1,17.08076362
22,"IE",17328397,"6/6/2019",2019,0,1,16.66785716
22,"AR",69920071,"6/6/2019",2019,0,1,18.0628633
22,"JP",20881549,"6/6/2019",2019,0,1,16.8543765
22,"FR",93971289,"6/6/2019",2019,0,1,18.35849986
22,"CL",78409565,"6/6/2019",2019,0,1,18.17745648
22,"AU",80101713,"6/6/2019",2019,0,1,18.1988078
22,"MX",172728107,"6/6/2019",2019,0,1,18.96722928
22,"ID",59152477,"6/6/2019",2019,0,1,17.89562902
22,"IT",118483135,"6/6/2019",2019,0,1,18.59028119
22,"BR",190028287,"6/6/2019",2019,0,1,19.0626835
22,"ES",114748364,"6/6/2019",2019,0,1,18.55825215
22,"TH",11384037,"6/6/2019",2019,0,1,16.24772267
22,"TR",49240740,"6/6/2019",2019,0,1,17.71223189
22,"SE",61999922,"6/6/2019",2019,0,1,17.94264368
23,"US",543336994,"6/13/2019",2019,0,1,20.1132403
23,"DE",188062919,"6/13/2019",2019,0,1,19.05228714
23,"UK",143826353,"6/13/2019",2019,0,1,18.78411725
23,"DK",26100540,"6/13/2019",2019,0,1,17.07746656
23,"IE",16375908,"6/13/2019",2019,0,1,16.61132179
23,"AR",74197605,"6/13/2019",2019,0,1,18.12224243
23,"JP",22060191,"6/13/2019",2019,0,1,16.90928523
23,"FR",131027277,"6/13/2019",2019,0,1,18.69091608
23,"CL",79395776,"6/13/2019",2019,0,1,18.18995573
23,"AU",77585404,"6/13/2019",2019,0,1,18.16688987
23,"MX",174215747,"6/13/2019",2019,0,1,18.97580501
23,"ID",61006081,"6/13/2019",2019,0,1,17.92648411
23,"IT",136369547,"6/13/2019",2019,0,1,18.73087902
23,"BR",188790814,"6/13/2019",2019,0,1,19.05615016
23,"ES",118215265,"6/13/2019",2019,0,1,18.5880178
23,"TH",11579436,"6/13/2019",2019,0,1,16.26474132
23,"TR",50010121,"6/13/2019",2019,0,1,17.72773596
23,"SE",70586951,"6/13/2019",2019,0,1,18.07235586
24,"US",538497010,"6/20/2019",2019,0,1,20.1042925
24,"DE",191944534,"6/20/2019",2019,0,1,19.072717
24,"UK",142599493,"6/20/2019",2019,0,1,18.77555051
24,"DK",27334642,"6/20/2019",2019,0,1,17.12366539
24,"IE",16754646,"6/20/2019",2019,0,1,16.63418615
24,"AR",68838692,"6/20/2019",2019,0,1,18.04727653
24,"JP",23587995,"6/20/2019",2019,0,1,16.97624845
24,"FR",125624033,"6/20/2019",2019,0,1,18.64880414
24,"CL",76664059,"6/20/2019",2019,0,1,18.15494356
24,"AU",77147345,"6/20/2019",2019,0,1,18.16122772
24,"MX",172349495,"6/20/2019",2019,0,1,18.96503492
24,"ID",65850481,"6/20/2019",2019,0,1,18.00289729
24,"IT",132367862,"6/20/2019",2019,0,1,18.70109544
24,"BR",199635125,"6/20/2019",2019,0,1,19.11200188
24,"ES",119478930,"6/20/2019",2019,0,1,18.5986506
24,"TH",11633389,"6/20/2019",2019,0,1,16.26938988
24,"TR",53710442,"6/20/2019",2019,0,1,17.79911799
24,"SE",65528127,"6/20/2019",2019,0,1,17.99799003
25,"US",560038228,"6/27/2019",2019,0,1,20.1435156
25,"DE",203690759,"6/27/2019",2019,0,1,19.13211351
25,"UK",145240157,"6/27/2019",2019,0,1,18.79389919
25,"DK",28521123,"6/27/2019",2019,0,1,17.16615553
25,"IE",17776057,"6/27/2019",2019,0,1,16.693363
25,"AR",69093451,"6/27/2019",2019,0,1,18.05097051
25,"JP",24946126,"6/27/2019",2019,0,1,17.0322291
25,"FR",123184211,"6/27/2019",2019,0,1,18.62919144
25,"CL",72876394,"6/27/2019",2019,0,1,18.10427533
25,"AU",78816487,"6/27/2019",2019,0,1,18.18263276
25,"MX",174451901,"6/27/2019",2019,0,1,18.97715962
25,"ID",72677950,"6/27/2019",2019,0,1,18.1015486
25,"IT",133265940,"6/27/2019",2019,0,1,18.70785724
25,"BR",189557007,"6/27/2019",2019,0,1,19.06020037
25,"ES",121630657,"6/27/2019",2019,0,1,18.61649961
25,"TH",12346687,"6/27/2019",2019,0,1,16.32889833
25,"TR",56204534,"6/27/2019",2019,0,1,17.84450799
25,"SE",61611975,"6/27/2019",2019,0,1,17.93636681
26,"US",564540045,"7/4/2019",2019,0,1,20.15152188
26,"DE",206094549,"7/4/2019",2019,0,1,19.1438456
26,"UK",151909573,"7/4/2019",2019,0,1,18.83879599
26,"DK",27887103,"7/4/2019",2019,0,1,17.14367488
26,"IE",18187451,"7/4/2019",2019,0,1,16.71624241
26,"AR",69224509,"7/4/2019",2019,0,1,18.05286553
26,"JP",25547310,"7/4/2019",2019,0,1,17.05604259
26,"FR",110260724,"7/4/2019",2019,0,1,18.51835834
26,"CL",73090755,"7/4/2019",2019,0,1,18.10721245
26,"AU",79566510,"7/4/2019",2019,0,1,18.19210383
26,"MX",180701295,"7/4/2019",2019,0,1,19.01235592
26,"ID",77349190,"7/4/2019",2019,0,1,18.16384066
26,"IT",131139160,"7/4/2019",2019,0,1,18.69176961
26,"BR",200382591,"7/4/2019",2019,0,1,19.11573905
26,"ES",123355107,"7/4/2019",2019,0,1,18.6305778
26,"TH",12944345,"7/4/2019",2019,0,1,16.37616957
26,"TR",59009478,"7/4/2019",2019,0,1,17.89320863
26,"SE",61821153,"7/4/2019",2019,0,1,17.93975615
27,"US",555189119,"7/11/2019",2019,0,1,20.13481937
27,"DE",206317087,"7/11/2019",2019,0,1,19.1449248
27,"UK",155079251,"7/11/2019",2019,0,1,18.85944684
27,"DK",27024351,"7/11/2019",2019,0,1,17.11224891
27,"IE",17866802,"7/11/2019",2019,0,1,16.69845491
27,"AR",69713310,"7/11/2019",2019,0,1,18.05990182
27,"JP",25487411,"7/11/2019",2019,0,1,17.0536952
27,"FR",109472114,"7/11/2019",2019,0,1,18.51118041
27,"CL",75014035,"7/11/2019",2019,0,1,18.13318579
27,"AU",80989100,"7/11/2019",2019,0,1,18.20982514
27,"MX",178900598,"7/11/2019",2019,0,1,19.00234089
27,"ID",80704062,"7/11/2019",2019,0,1,18.20629947
27,"IT",174439733,"7/11/2019",2019,0,1,18.97708987
27,"BR",188608710,"7/11/2019",2019,0,1,19.05518511
27,"ES",124312927,"7/11/2019",2019,0,1,18.63831255
27,"TH",13701128,"7/11/2019",2019,0,1,16.43298872
27,"TR",57010020,"7/11/2019",2019,0,1,17.8587376
27,"SE",61181527,"7/11/2019",2019,0,1,17.92935586
28,"US",569278289,"7/18/2019",2019,0,1,20.15987996
28,"DE",191354874,"7/18/2019",2019,0,1,19.06964024
28,"UK",164356433,"7/18/2019",2019,0,1,18.917548
28,"DK",29529165,"7/18/2019",2019,0,1,17.20088898
28,"IE",18992751,"7/18/2019",2019,0,1,16.75956794
28,"AR",72586193,"7/18/2019",2019,0,1,18.10028528
28,"JP",26469927,"7/18/2019",2019,0,1,17.09151982
28,"FR",101720396,"7/18/2019",2019,0,1,18.43773839
28,"CL",75065664,"7/18/2019",2019,0,1,18.13387381
28,"AU",81704779,"7/18/2019",2019,0,1,18.21862305
28,"MX",176594747,"7/18/2019",2019,0,1,18.9893681
28,"ID",79469692,"7/18/2019",2019,0,1,18.19088627
28,"IT",149959909,"7/18/2019",2019,0,1,18.82587854
28,"BR",199431784,"7/18/2019",2019,0,1,19.1109828
28,"ES",123169729,"7/18/2019",2019,0,1,18.62907387
28,"TH",14100482,"7/18/2019",2019,0,1,16.46171954
28,"TR",61995940,"7/18/2019",2019,0,1,17.94257946
28,"SE",60683740,"7/18/2019",2019,0,1,17.92118635
29,"US",539615706,"7/25/2019",2019,0,1,20.10636779
29,"DE",204656992,"7/25/2019",2019,0,1,19.13684593
29,"UK",163056782,"7/25/2019",2019,0,1,18.90960905
29,"DK",27933725,"7/25/2019",2019,0,1,17.1453453
29,"IE",17730380,"7/25/2019",2019,0,1,16.69079011
29,"AR",73036084,"7/25/2019",2019,0,1,18.10646418
29,"JP",26808164,"7/25/2019",2019,0,1,17.10421703
29,"FR",96708204,"7/25/2019",2019,0,1,18.3872088
29,"CL",73930797,"7/25/2019",2019,0,1,18.11864004
29,"AU",82932305,"7/25/2019",2019,0,1,18.23353523
29,"MX",176038140,"7/25/2019",2019,0,1,18.98621123
29,"ID",77148207,"7/25/2019",2019,0,1,18.1612389
29,"IT",141614242,"7/25/2019",2019,0,1,18.76861731
29,"BR",199005975,"7/25/2019",2019,0,1,19.10884541
29,"ES",122922839,"7/25/2019",2019,0,1,18.62706739
29,"TH",14078077,"7/25/2019",2019,0,1,16.46012932
29,"TR",66621595,"7/25/2019",2019,0,1,18.01453933
29,"SE",58937416,"7/25/2019",2019,0,1,17.89198669
30,"US",541287712,"8/1/2019",2019,0,1,20.10946151
30,"DE",177629433,"8/1/2019",2019,0,1,18.9952101
30,"UK",156012345,"8/1/2019",2019,0,1,18.8654457
30,"DK",26173627,"8/1/2019",2019,0,1,17.08026286
30,"IE",17206495,"8/1/2019",2019,0,1,16.66079749
30,"AR",74826794,"8/1/2019",2019,0,1,18.13068659
30,"JP",27169853,"8/1/2019",2019,0,1,17.11761857
30,"FR",95139287,"8/1/2019",2019,0,1,18.37085255
30,"CL",74410249,"8/1/2019",2019,0,1,18.12510425
30,"AU",82890837,"8/1/2019",2019,0,1,18.23303508
30,"MX",180020342,"8/1/2019",2019,0,1,19.00858041
30,"ID",74880780,"8/1/2019",2019,0,1,18.13140781
30,"IT",137408164,"8/1/2019",2019,0,1,18.73846635
30,"BR",201394240,"8/1/2019",2019,0,1,19.12077494
30,"ES",122985376,"8/1/2019",2019,0,1,18.62757601
30,"TH",14156160,"8/1/2019",2019,0,1,16.46566042
30,"TR",67444712,"8/1/2019",2019,0,1,18.02681874
30,"SE",56180602,"8/1/2019",2019,0,1,17.8440821
31,"US",524001236,"8/8/2019",2019,0,1,20.0770046
31,"DE",175061209,"8/8/2019",2019,0,1,18.98064624
31,"UK",147922999,"8/8/2019",2019,0,1,18.81220242
31,"DK",25591243,"8/8/2019",2019,0,1,17.05776078
31,"IE",16772303,"8/8/2019",2019,0,1,16.63523945
31,"AR",77049839,"8/8/2019",2019,0,1,18.15996303
31,"JP",27588295,"8/8/2019",2019,0,1,17.13290215
31,"FR",95578944,"8/8/2019",2019,0,1,18.3754631
31,"CL",78173023,"8/8/2019",2019,0,1,18.17443517
31,"AU",83730864,"8/8/2019",2019,0,1,18.24311821
31,"MX",178728536,"8/8/2019",2019,0,1,19.00137865
31,"ID",72074310,"8/8/2019",2019,0,1,18.09320823
31,"IT",136227459,"8/8/2019",2019,0,1,18.72983654
31,"BR",198971595,"8/8/2019",2019,0,1,19.10867263
31,"ES",120066783,"8/8/2019",2019,0,1,18.60355867
31,"TH",15578725,"8/8/2019",2019,0,1,16.56141676
31,"TR",64238612,"8/8/2019",2019,0,1,17.97811502
31,"SE",54484639,"8/8/2019",2019,0,1,17.81342937
32,"US",511609103,"8/15/2019",2019,0,1,20.05307142
32,"DE",175824454,"8/15/2019",2019,0,1,18.98499663
32,"UK",144652436,"8/15/2019",2019,0,1,18.78984443
32,"DK",25016529,"8/15/2019",2019,0,1,17.03504732
32,"IE",16253048,"8/15/2019",2019,0,1,16.60379102
32,"AR",80632040,"8/15/2019",2019,0,1,18.20540665
32,"JP",27698569,"8/15/2019",2019,0,1,17.13689131
32,"FR",90945547,"8/15/2019",2019,0,1,18.3257715
32,"CL",80579891,"8/15/2019",2019,0,1,18.20475969
32,"AU",82502400,"8/15/2019",2019,0,1,18.22833794
32,"MX",181283388,"8/15/2019",2019,0,1,19.01557204
32,"ID",71258321,"8/15/2019",2019,0,1,18.08182216
32,"IT",128114137,"8/15/2019",2019,0,1,18.66843212
32,"BR",209087795,"8/15/2019",2019,0,1,19.15826479
32,"ES",118034681,"8/15/2019",2019,0,1,18.58648905
32,"TH",15895383,"8/15/2019",2019,0,1,16.58153925
32,"TR",59417080,"8/15/2019",2019,0,1,17.90009229
32,"SE",53961593,"8/15/2019",2019,0,1,17.80378311
33,"US",528764769,"8/22/2019",2019,0,1,20.08605422
33,"DE",165404943,"8/22/2019",2019,0,1,18.92390723
33,"UK",138152365,"8/22/2019",2019,0,1,18.74386773
33,"DK",24729689,"8/22/2019",2019,0,1,17.02351506
33,"IE",16187336,"8/22/2019",2019,0,1,16.59973977
33,"AR",85019480,"8/22/2019",2019,0,1,18.25839096
33,"JP",27346010,"8/22/2019",2019,0,1,17.12408119
33,"FR",91539327,"8/22/2019",2019,0,1,18.33227924
33,"CL",80755781,"8/22/2019",2019,0,1,18.20694011
33,"AU",81513642,"8/22/2019",2019,0,1,18.21628095
33,"MX",185323658,"8/22/2019",2019,0,1,19.03761436
33,"ID",71905564,"8/22/2019",2019,0,1,18.0908642
33,"IT",121611923,"8/22/2019",2019,0,1,18.61634557
33,"BR",209243725,"8/22/2019",2019,0,1,19.15901028
33,"ES",115045790,"8/22/2019",2019,0,1,18.56084078
33,"TH",16376514,"8/22/2019",2019,0,1,16.61135879
33,"TR",56969819,"8/22/2019",2019,0,1,17.85803219
33,"SE",54621073,"8/22/2019",2019,0,1,17.81593032
34,"US",597446028,"8/29/2019",2019,0,1,20.20817451
34,"DE",178220147,"8/29/2019",2019,0,1,18.99853012
34,"UK",140652773,"8/29/2019",2019,0,1,18.76180481
34,"DK",24769741,"8/29/2019",2019,0,1,17.02513335
34,"IE",16900949,"8/29/2019",2019,0,1,16.64288033
34,"AR",86121727,"8/29/2019",2019,0,1,18.27127228
34,"JP",27655440,"8/29/2019",2019,0,1,17.13533301
34,"FR",100593861,"8/29/2019",2019,0,1,18.42660179
34,"CL",80626906,"8/29/2019",2019,0,1,18.20534297
34,"AU",82793686,"8/29/2019",2019,0,1,18.23186236
34,"MX",186623397,"8/29/2019",2019,0,1,19.04460322
34,"ID",72447058,"8/29/2019",2019,0,1,18.09836662
34,"IT",114915072,"8/29/2019",2019,0,1,18.55970391
34,"BR",213173689,"8/29/2019",2019,0,1,19.17761783
34,"ES",114471844,"8/29/2019",2019,0,1,18.55583945
34,"TH",16572753,"8/29/2019",2019,0,1,16.62327052
34,"TR",56186138,"8/29/2019",2019,0,1,17.84418063
34,"SE",55212333,"8/29/2019",2019,0,1,17.82669691
35,"US",561948580,"9/5/2019",2019,0,1,20.14692091
35,"DE",184390627,"9/5/2019",2019,0,1,19.03256704
35,"UK",146229478,"9/5/2019",2019,0,1,18.80068771
35,"DK",25015569,"9/5/2019",2019,0,1,17.03500895
35,"IE",16551648,"9/5/2019",2019,0,1,16.62199623
35,"AR",83410636,"9/5/2019",2019,0,1,18.23928639
35,"JP",28485651,"9/5/2019",2019,0,1,17.16491104
35,"FR",94950303,"9/5/2019",2019,0,1,18.36886419
35,"CL",80745737,"9/5/2019",2019,0,1,18.20681573
35,"AU",87184541,"9/5/2019",2019,0,1,18.28353759
35,"MX",184216866,"9/5/2019",2019,0,1,19.03162424
35,"ID",72970147,"9/5/2019",2019,0,1,18.10556097
35,"IT",122263020,"9/5/2019",2019,0,1,18.62168518
35,"BR",212871388,"9/5/2019",2019,0,1,19.17619873
35,"ES",114344008,"9/5/2019",2019,0,1,18.55472208
35,"TH",17255427,"9/5/2019",2019,0,1,16.66363726
35,"TR",54720069,"9/5/2019",2019,0,1,17.81774109
35,"SE",58760768,"9/5/2019",2019,0,1,17.88898498
36,"US",664539609,"9/12/2019",2019,0,1,20.31460504
36,"DE",185704242,"9/12/2019",2019,0,1,19.03966587
36,"UK",145091583,"9/12/2019",2019,0,1,18.79287571
36,"DK",27429974,"9/12/2019",2019,0,1,17.12714692
36,"IE",17925579,"9/12/2019",2019,0,1,16.70173925
36,"AR",86533177,"9/12/2019",2019,0,1,18.27603845
36,"JP",29054713,"9/12/2019",2019,0,1,17.18469127
36,"FR",119693786,"9/12/2019",2019,0,1,18.60044726
36,"CL",81005821,"9/12/2019",2019,0,1,18.21003157
36,"AU",86410939,"9/12/2019",2019,0,1,18.27462483
36,"MX",187343186,"9/12/2019",2019,0,1,19.04845271
36,"ID",75145568,"9/12/2019",2019,0,1,18.1349377
36,"IT",124469582,"9/12/2019",2019,0,1,18.63957192
36,"BR",228406642,"9/12/2019",2019,0,1,19.24663812
36,"ES",118111503,"9/12/2019",2019,0,1,18.58713968
36,"TH",17731756,"9/12/2019",2019,0,1,16.69086771
36,"TR",59389894,"9/12/2019",2019,0,1,17.89963464
36,"SE",66131137,"9/12/2019",2019,0,1,18.00715025
37,"US",585845785,"9/19/2019",2019,0,1,20.18856715
37,"DE",189186574,"9/19/2019",2019,0,1,19.05824425
37,"UK",153823264,"9/19/2019",2019,0,1,18.85131486
37,"DK",27591020,"9/19/2019",2019,0,1,17.13300092
37,"IE",18029258,"9/19/2019",2019,0,1,16.70750644
37,"AR",89119679,"9/19/2019",2019,0,1,18.30549073
37,"JP",32168120,"9/19/2019",2019,0,1,17.28648646
37,"FR",116687606,"9/19/2019",2019,0,1,18.57501089
37,"CL",79801849,"9/19/2019",2019,0,1,18.19505723
37,"AU",88409752,"9/19/2019",2019,0,1,18.29749284
37,"MX",188849445,"9/19/2019",2019,0,1,19.05646067
37,"ID",76806300,"9/19/2019",2019,0,1,18.15679723
37,"IT",136434659,"9/19/2019",2019,0,1,18.73135637
37,"BR",238708423,"9/19/2019",2019,0,1,19.29075338
37,"ES",111760224,"9/19/2019",2019,0,1,18.53186628
37,"TH",17733970,"9/19/2019",2019,0,1,16.69099257
37,"TR",58178516,"9/19/2019",2019,0,1,17.8790267
37,"SE",60929127,"9/19/2019",2019,0,1,17.92522189
38,"US",553828380,"9/26/2019",2019,0,1,20.13236541
38,"DE",205590141,"9/26/2019",2019,0,1,19.14139514
38,"UK",148601404,"9/26/2019",2019,0,1,18.81677814
38,"DK",26408286,"9/26/2019",2019,0,1,17.08918838
38,"IE",17022060,"9/26/2019",2019,0,1,16.65002071
38,"AR",88605906,"9/26/2019",2019,0,1,18.29970907
38,"JP",31429398,"9/26/2019",2019,0,1,17.26325425
38,"FR",105509101,"9/26/2019",2019,0,1,18.47430777
38,"CL",76566328,"9/26/2019",2019,0,1,18.15366796
38,"AU",84441877,"9/26/2019",2019,0,1,18.25157401
38,"MX",185916422,"9/26/2019",2019,0,1,19.04080779
38,"ID",72984783,"9/26/2019",2019,0,1,18.10576153
38,"IT",140755099,"9/26/2019",2019,0,1,18.76253205
38,"BR",226009668,"9/26/2019",2019,0,1,19.23608834
38,"ES",111797879,"9/26/2019",2019,0,1,18.53220315
38,"TH",17362559,"9/26/2019",2019,0,1,16.66982666
38,"TR",59694356,"9/26/2019",2019,0,1,17.90474803
38,"SE",57727754,"9/26/2019",2019,0,1,17.87124862
39,"US",559568888,"10/3/2019",2019,0,1,20.1426772
39,"DE",211030431,"10/3/2019",2019,0,1,19.1675129
39,"UK",141070939,"10/3/2019",2019,0,1,18.76477344
39,"DK",25900192,"10/3/2019",2019,0,1,17.06976094
39,"IE",16695448,"10/3/2019",2019,0,1,16.63064667
39,"AR",87003960,"10/3/2019",2019,0,1,18.28146419
39,"JP",31384159,"10/3/2019",2019,0,1,17.26181383
39,"FR",104690821,"10/3/2019",2019,0,1,18.466522
39,"CL",80596821,"10/3/2019",2019,0,1,18.20496977
39,"AU",82255793,"10/3/2019",2019,0,1,18.22534438
39,"MX",184609281,"10/3/2019",2019,0,1,19.03375216
39,"ID",73372780,"10/3/2019",2019,0,1,18.11106358
39,"IT",130467882,"10/3/2019",2019,0,1,18.68663764
39,"BR",225655598,"10/3/2019",2019,0,1,19.23452049
39,"ES",112802028,"10/3/2019",2019,0,1,18.54114488
39,"TH",17128829,"10/3/2019",2019,0,1,16.65627351
39,"TR",62458976,"10/3/2019",2019,0,1,17.95002052
39,"SE",56256622,"10/3/2019",2019,0,1,17.84543432
40,"US",562301733,"10/10/2019",2019,0,1,20.14754916
40,"DE",202354644,"10/10/2019",2019,0,1,19.12553238
40,"UK",143969448,"10/10/2019",2019,0,1,18.78511167
40,"DK",26637591,"10/10/2019",2019,0,1,17.09783397
40,"IE",18660398,"10/10/2019",2019,0,1,16.74191408
40,"AR",90436438,"10/10/2019",2019,0,1,18.32015782
40,"JP",32426979,"10/10/2019",2019,0,1,17.29450132
40,"FR",113490367,"10/10/2019",2019,0,1,18.54722852
40,"CL",80387478,"10/10/2019",2019,0,1,18.20236898
40,"AU",83625380,"10/10/2019",2019,0,1,18.24185762
40,"MX",184841980,"10/10/2019",2019,0,1,19.03501186
40,"ID",78899117,"10/10/2019",2019,0,1,18.18368059
40,"IT",135166680,"10/10/2019",2019,0,1,18.72201924
40,"BR",231184470,"10/10/2019",2019,0,1,19.25872652
40,"ES",110906872,"10/10/2019",2019,0,1,18.52420142
40,"TH",17162582,"10/10/2019",2019,0,1,16.65824211
40,"TR",66019727,"10/10/2019",2019,0,1,18.00546415
40,"SE",57453306,"10/10/2019",2019,0,1,17.86648311
41,"US",540054622,"10/17/2019",2019,0,1,20.10718084
41,"DE",197269848,"10/17/2019",2019,0,1,19.10008314
41,"UK",142016186,"10/17/2019",2019,0,1,18.77145159
41,"DK",26564603,"10/17/2019",2019,0,1,17.09509017
41,"IE",17528304,"10/17/2019",2019,0,1,16.6793275
41,"AR",86111871,"10/17/2019",2019,0,1,18.27115783
41,"JP",32075324,"10/17/2019",2019,0,1,17.28359757
41,"FR",126726271,"10/17/2019",2019,0,1,18.65753997
41,"CL",81890065,"10/17/2019",2019,0,1,18.22088823
41,"AU",84113912,"10/17/2019",2019,0,1,18.24768253
41,"MX",182202931,"10/17/2019",2019,0,1,19.02063163
41,"ID",81342027,"10/17/2019",2019,0,1,18.21417338
41,"IT",134071052,"10/17/2019",2019,0,1,18.71388046
41,"BR",234918081,"10/17/2019",2019,0,1,19.27474742
41,"ES",106789150,"10/17/2019",2019,0,1,18.48636689
41,"TH",17962411,"10/17/2019",2019,0,1,16.70379185
41,"TR",68463246,"10/17/2019",2019,0,1,18.0418076
41,"SE",57756342,"10/17/2019",2019,0,1,17.87174372
42,"US",531194366,"10/24/2019",2019,0,1,20.09063855
42,"DE",197691282,"10/24/2019",2019,0,1,19.10221719
42,"UK",140033671,"10/24/2019",2019,0,1,18.75739346
42,"DK",25509011,"10/24/2019",2019,0,1,17.05454232
42,"IE",16887606,"10/24/2019",2019,0,1,16.64209054
42,"AR",88061548,"10/24/2019",2019,0,1,18.29354654
42,"JP",33602253,"10/24/2019",2019,0,1,17.33010368
42,"FR",115832635,"10/24/2019",2019,0,1,18.56765691
42,"CL",60227375,"10/24/2019",2019,0,1,17.91363754
42,"AU",84475669,"10/24/2019",2019,0,1,18.25197411
42,"MX",183698127,"10/24/2019",2019,0,1,19.02880435
42,"ID",83104733,"10/24/2019",2019,0,1,18.23561221
42,"IT",129684118,"10/24/2019",2019,0,1,18.68061219
42,"BR",236446130,"10/24/2019",2019,0,1,19.28123096
42,"ES",104541311,"10/24/2019",2019,0,1,18.46509287
42,"TH",18225594,"10/24/2019",2019,0,1,16.71833743
42,"TR",67472000,"10/24/2019",2019,0,1,18.02722325
42,"SE",56077301,"10/24/2019",2019,0,1,17.84224167
43,"US",610238936,"10/31/2019",2019,0,1,20.22936114
43,"DE",211714923,"10/31/2019",2019,0,1,19.17075122
43,"UK",137071934,"10/31/2019",2019,0,1,18.73601641
43,"DK",25537284,"10/31/2019",2019,0,1,17.05565006
43,"IE",17769197,"10/31/2019",2019,0,1,16.69297701
43,"AR",89537708,"10/31/2019",2019,0,1,18.31017041
43,"JP",33285986,"10/31/2019",2019,0,1,17.32064703
43,"FR",112589344,"10/31/2019",2019,0,1,18.53925763
43,"CL",71388135,"10/31/2019",2019,0,1,18.08364224
43,"AU",86224153,"10/31/2019",2019,0,1,18.27246089
43,"MX",186864618,"10/31/2019",2019,0,1,19.04589494
43,"ID",84537055,"10/31/2019",2019,0,1,18.25270052
43,"IT",133009272,"10/31/2019",2019,0,1,18.7059294
43,"BR",243955526,"10/31/2019",2019,0,1,19.3124965
43,"ES",119089372,"10/31/2019",2019,0,1,18.59538479
43,"TH",18442373,"10/31/2019",2019,0,1,16.73016146
43,"TR",67329318,"10/31/2019",2019,0,1,18.02510633
43,"SE",56552099,"10/31/2019",2019,0,1,17.85067288
44,"US",542032123,"11/7/2019",2019,0,1,20.11083583
44,"DE",197591774,"11/7/2019",2019,0,1,19.10171371
44,"UK",145064265,"11/7/2019",2019,0,1,18.79268741
44,"DK",26632986,"11/7/2019",2019,0,1,17.09766108
44,"IE",17401579,"11/7/2019",2019,0,1,16.67207151
44,"AR",88319637,"11/7/2019",2019,0,1,18.29647303
44,"JP",34287962,"11/7/2019",2019,0,1,17.35030489
44,"FR",102181124,"11/7/2019",2019,0,1,18.44225752
44,"CL",74865642,"11/7/2019",2019,0,1,18.13120562
44,"AU",89530197,"11/7/2019",2019,0,1,18.31008652
44,"MX",183927624,"11/7/2019",2019,0,1,19.03005289
44,"ID",85784747,"11/7/2019",2019,0,1,18.26735177
44,"IT",147488035,"11/7/2019",2019,0,1,18.80925761
44,"BR",251159269,"11/7/2019",2019,0,1,19.34159783
44,"ES",108885534,"11/7/2019",2019,0,1,18.50580774
44,"TH",18492946,"11/7/2019",2019,0,1,16.73289992
44,"TR",64749649,"11/7/2019",2019,0,1,17.98603884
44,"SE",54086966,"11/7/2019",2019,0,1,17.80610379
45,"US",516717421,"11/14/2019",2019,0,1,20.06300671
45,"DE",192875229,"11/14/2019",2019,0,1,19.07755406
45,"UK",136797799,"11/14/2019",2019,0,1,18.73401447
45,"DK",25347731,"11/14/2019",2019,0,1,17.04819978
45,"IE",16750501,"11/14/2019",2019,0,1,16.63393873
45,"AR",87454150,"11/14/2019",2019,0,1,18.28662521
45,"JP",34490808,"11/14/2019",2019,0,1,17.35620341
45,"FR",109658445,"11/14/2019",2019,0,1,18.51288105
45,"CL",76762740,"11/14/2019",2019,0,1,18.15622992
45,"AU",85470667,"11/14/2019",2019,0,1,18.2636838
45,"MX",184063982,"11/14/2019",2019,0,1,19.03079398
45,"ID",86243880,"11/14/2019",2019,0,1,18.27268965
45,"IT",143736550,"11/14/2019",2019,0,1,18.78349267
45,"BR",244060611,"11/14/2019",2019,0,1,19.31292716
45,"ES",108420347,"11/14/2019",2019,0,1,18.50152633
45,"TH",18109578,"11/14/2019",2019,0,1,16.71195153
45,"TR",69042444,"11/14/2019",2019,0,1,18.050232
45,"SE",56402792,"11/14/2019",2019,0,1,17.84802922
46,"US",529841383,"11/21/2019",2019,0,1,20.08808824
46,"DE",185332613,"11/21/2019",2019,0,1,19.03766268
46,"UK",142116974,"11/21/2019",2019,0,1,18.77216104
46,"DK",26461916,"11/21/2019",2019,0,1,17.09121713
46,"IE",17219807,"11/21/2019",2019,0,1,16.66157085
46,"AR",87347374,"11/21/2019",2019,0,1,18.28540353
46,"JP",34813447,"11/21/2019",2019,0,1,17.36551428
46,"FR",109659018,"11/21/2019",2019,0,1,18.51288627
46,"CL",81847418,"11/21/2019",2019,0,1,18.22036732
46,"AU",84878905,"11/21/2019",2019,0,1,18.25673615
46,"MX",188979268,"11/21/2019",2019,0,1,19.05714787
46,"ID",86423366,"11/21/2019",2019,0,1,18.27476864
46,"IT",173108143,"11/21/2019",2019,0,1,18.96942706
46,"BR",239718656,"11/21/2019",2019,0,1,19.29497653
46,"ES",107340084,"11/21/2019",2019,0,1,18.49151271
46,"TH",17317139,"11/21/2019",2019,0,1,16.66720726
46,"TR",75942665,"11/21/2019",2019,0,1,18.14548921
46,"SE",58852094,"11/21/2019",2019,0,1,17.89053797
47,"US",541011375,"11/28/2019",2019,0,1,20.10895086
47,"DE",180640856,"11/28/2019",2019,0,1,19.0120214
47,"UK",145025714,"11/28/2019",2019,0,1,18.79242162
47,"DK",27425449,"11/28/2019",2019,0,1,17.12698194
47,"IE",17578980,"11/28/2019",2019,0,1,16.68221443
47,"AR",84932567,"11/28/2019",2019,0,1,18.25736817
47,"JP",35084827,"11/28/2019",2019,0,1,17.37327932
47,"FR",108064137,"11/28/2019",2019,0,1,18.49823547
47,"CL",82502504,"11/28/2019",2019,0,1,18.2283392
47,"AU",84881489,"11/28/2019",2019,0,1,18.25676659
47,"MX",199204079,"11/28/2019",2019,0,1,19.10984038
47,"ID",88317230,"11/28/2019",2019,0,1,18.29644578
47,"IT",145248389,"11/28/2019",2019,0,1,18.79395586
47,"BR",232027875,"11/28/2019",2019,0,1,19.26236807
47,"ES",108329574,"11/28/2019",2019,0,1,18.50068875
47,"TH",17058606,"11/28/2019",2019,0,1,16.65216539
47,"TR",69306872,"11/28/2019",2019,0,1,18.05405462
47,"SE",60679964,"11/28/2019",2019,0,1,17.92112412
48,"US",543290840,"12/5/2019",2019,0,1,20.11315535
48,"DE",201142326,"12/5/2019",2019,0,1,19.1195233
48,"UK",147737521,"12/5/2019",2019,0,1,18.81094775
48,"DK",31174133,"12/5/2019",2019,0,1,17.25509924
48,"IE",17703219,"12/5/2019",2019,0,1,16.68925705
48,"AR",84668896,"12/5/2019",2019,0,1,18.25425887
48,"JP",36980212,"12/5/2019",2019,0,1,17.42589352
48,"FR",121701768,"12/5/2019",2019,0,1,18.61708409
48,"CL",84520357,"12/5/2019",2019,0,1,18.25250297
48,"AU",83882692,"12/5/2019",2019,0,1,18.24492986
48,"MX",204314795,"12/5/2019",2019,0,1,19.13517248
48,"ID",91406587,"12/5/2019",2019,0,1,18.3308281
48,"IT",135272883,"12/5/2019",2019,0,1,18.72280465
48,"BR",244052835,"12/5/2019",2019,0,1,19.3128953
48,"ES",109354696,"12/5/2019",2019,0,1,18.51010725
48,"TH",16913906,"12/5/2019",2019,0,1,16.64364668
48,"TR",68620016,"12/5/2019",2019,0,1,18.04409483
48,"SE",68267760,"12/5/2019",2019,0,1,18.03894818
49,"US",606642693,"12/12/2019",2019,0,1,20.22345053
49,"DE",214651769,"12/12/2019",2019,0,1,19.18452759
49,"UK",164967883,"12/12/2019",2019,0,1,18.92126136
49,"DK",32299304,"12/12/2019",2019,0,1,17.29055624
49,"IE",18510427,"12/12/2019",2019,0,1,16.73384475
49,"AR",83920832,"12/12/2019",2019,0,1,18.24538444
49,"JP",37510285,"12/12/2019",2019,0,1,17.44012572
49,"FR",111842499,"12/12/2019",2019,0,1,18.53260218
49,"CL",83176168,"12/12/2019",2019,0,1,18.23647142
49,"AU",83496758,"12/12/2019",2019,0,1,18.24031836
49,"MX",203206645,"12/12/2019",2019,0,1,19.12973397
49,"ID",92939223,"12/12/2019",2019,0,1,18.34745632
49,"IT",129052657,"12/12/2019",2019,0,1,18.67573107
49,"BR",253435611,"12/12/2019",2019,0,1,19.35062035
49,"ES",103287363,"12/12/2019",2019,0,1,18.45302559
49,"TH",16984293,"12/12/2019",2019,0,1,16.64779953
49,"TR",66676353,"12/12/2019",2019,0,1,18.01536092
49,"SE",66372395,"12/12/2019",2019,0,1,18.01079179
50,"US",658168466,"12/19/2019",2019,0,1,20.30497148
50,"DE",205269921,"12/19/2019",2019,0,1,19.13983636
50,"UK",174961620,"12/19/2019",2019,0,1,18.98007719
50,"DK",31994014,"12/19/2019",2019,0,1,17.28105938
50,"IE",20735743,"12/19/2019",2019,0,1,16.84736948
50,"AR",83777866,"12/19/2019",2019,0,1,18.2436794
50,"JP",38343675,"12/19/2019",2019,0,1,17.46210014
50,"FR",112962590,"12/19/2019",2019,0,1,18.54256726
50,"CL",83129383,"12/19/2019",2019,0,1,18.23590878
50,"AU",89515802,"12/19/2019",2019,0,1,18.30992573
50,"MX",207282545,"12/19/2019",2019,0,1,19.14959337
50,"ID",93713145,"12/19/2019",2019,0,1,18.35574903
50,"IT",131622539,"12/19/2019",2019,0,1,18.69544883
50,"BR",267356928,"12/19/2019",2019,0,1,19.40409513
50,"ES",107736794,"12/19/2019",2019,0,1,18.49520172
50,"TH",17809642,"12/19/2019",2019,0,1,16.69525055
50,"TR",66381229,"12/19/2019",2019,0,1,18.01092488
50,"SE",67935682,"12/19/2019",2019,0,1,18.03407196
51,"US",672197012,"12/26/2019",2019,0,1,20.32606203
51,"DE",259673782,"12/26/2019",2019,0,1,19.37493672
51,"UK",204268625,"12/26/2019",2019,0,1,19.13494647
51,"DK",35983896,"12/26/2019",2019,0,1,17.39858206
51,"IE",24215795,"12/26/2019",2019,0,1,17.00251566
51,"AR",90201121,"12/26/2019",2019,0,1,18.31755241
51,"JP",39951866,"12/26/2019",2019,0,1,17.50318594
51,"FR",118654937,"12/26/2019",2019,0,1,18.59173015
51,"CL",83467538,"12/26/2019",2019,0,1,18.23996835
51,"AU",94318805,"12/26/2019",2019,0,1,18.36219114
51,"MX",206198761,"12/26/2019",2019,0,1,19.14435112
51,"ID",92998109,"12/26/2019",2019,0,1,18.34808972
51,"IT",123850024,"12/26/2019",2019,0,1,18.63458191
51,"BR",289295933,"12/26/2019",2019,0,1,19.48296071
51,"ES",113261259,"12/26/2019",2019,0,1,18.54520773
51,"TH",18648828,"12/26/2019",2019,0,1,16.74129386
51,"TR",65002432,"12/26/2019",2019,0,1,17.98993524
51,"SE",82959665,"12/26/2019",2019,0,1,18.23386508
52,"US",574844991,"1/2/2020",2020,1,1,20.16961098
52,"DE",179741922,"1/2/2020",2020,1,1,19.00703261
52,"UK",226974653,"1/2/2020",2020,1,1,19.24034891
52,"DK",35045391,"1/2/2020",2020,1,1,17.37215466
52,"IE",19733258,"1/2/2020",2020,1,1,16.79781599
52,"AR",90691136,"1/2/2020",2020,1,1,18.32297018
52,"JP",39454833,"1/2/2020",2020,1,1,17.49066711
52,"FR",112789328,"1/2/2020",2020,1,1,18.54103228
52,"CL",83364000,"1/2/2020",2020,1,1,18.23872712
52,"AU",109602347,"1/2/2020",2020,1,1,18.51236935
52,"MX",206415188,"1/2/2020",2020,1,1,19.14540017
52,"ID",88863229,"1/2/2020",2020,1,1,18.30260899
52,"IT",112366104,"1/2/2020",2020,1,1,18.53727288
52,"BR",295824498,"1/2/2020",2020,1,1,19.50527692
52,"ES",108290996,"1/2/2020",2020,1,1,18.50033257
52,"TH",19132528,"1/2/2020",2020,1,1,16.76690048
52,"TR",62289921,"1/2/2020",2020,1,1,17.94731019
52,"SE",57781037,"1/2/2020",2020,1,1,17.8721712
53,"US",567747784,"1/9/2020",2020,1,0,20.15718784
53,"DE",167930667,"1/9/2020",2020,1,0,18.93906176
53,"UK",135303409,"1/9/2020",2020,1,0,18.72303029
53,"DK",25819589,"1/9/2020",2020,1,0,17.06664403
53,"IE",16460952,"1/9/2020",2020,1,0,16.61650159
53,"AR",87536858,"1/9/2020",2020,1,0,18.2875705
53,"JP",40942134,"1/9/2020",2020,1,0,17.52767026
53,"FR",105799192,"1/9/2020",2020,1,0,18.47705344
53,"CL",80452144,"1/9/2020",2020,1,0,18.20317308
53,"AU",83012306,"1/9/2020",2020,1,0,18.23449942
53,"MX",202024183,"1/9/2020",2020,1,0,19.12389797
53,"ID",88546509,"1/9/2020",2020,1,0,18.2990385
53,"IT",104855722,"1/9/2020",2020,1,0,18.46809589
53,"BR",255936127,"1/9/2020",2020,1,0,19.36043847
53,"ES",101462461,"1/9/2020",2020,1,0,18.43519945
53,"TH",18678473,"1/9/2020",2020,1,0,16.74288224
53,"TR",58683135,"1/9/2020",2020,1,0,17.88766294
53,"SE",52012945,"1/9/2020",2020,1,0,17.76700319
54,"US",624461450,"1/16/2020",2020,1,0,20.25240016
54,"DE",187698798,"1/16/2020",2020,1,0,19.0503491
54,"UK",140245531,"1/16/2020",2020,1,0,18.75890524
54,"DK",26300788,"1/16/2020",2020,1,0,17.08510946
54,"IE",17020434,"1/16/2020",2020,1,0,16.64992518
54,"AR",89744373,"1/16/2020",2020,1,0,18.31247589
54,"JP",43156079,"1/16/2020",2020,1,0,17.58033385
54,"FR",111247081,"1/16/2020",2020,1,0,18.52726424
54,"CL",85422677,"1/16/2020",2020,1,0,18.26312216
54,"AU",84943962,"1/16/2020",2020,1,0,18.25750233
54,"MX",212160267,"1/16/2020",2020,1,0,19.17285252
54,"ID",92580900,"1/16/2020",2020,1,0,18.34359341
54,"IT",110980341,"1/16/2020",2020,1,0,18.52486364
54,"BR",271124890,"1/16/2020",2020,1,0,19.41809012
54,"ES",108790377,"1/16/2020",2020,1,0,18.50493344
54,"TH",18798672,"1/16/2020",2020,1,0,16.74929679
54,"TR",61836378,"1/16/2020",2020,1,0,17.94000239
54,"SE",61412568,"1/16/2020",2020,1,0,17.93312506
55,"US",694142362,"1/23/2020",2020,1,0,20.35818763
55,"DE",197785752,"1/23/2020",2020,1,0,19.10269494
55,"UK",148524481,"1/23/2020",2020,1,0,18.81626036
55,"DK",26764962,"1/23/2020",2020,1,0,17.1026042
55,"IE",17735146,"1/23/2020",2020,1,0,16.69105888
55,"AR",92527856,"1/23/2020",2020,1,0,18.3430203
55,"JP",46426032,"1/23/2020",2020,1,0,17.65337089
55,"FR",144391981,"1/23/2020",2020,1,0,18.78804225
55,"CL",87111154,"1/23/2020",2020,1,0,18.28269549
55,"AU",89125602,"1/23/2020",2020,1,0,18.30555719
55,"MX",225414005,"1/23/2020",2020,1,0,19.23344929
55,"ID",95493169,"1/23/2020",2020,1,0,18.37456527
55,"IT",117865978,"1/23/2020",2020,1,0,18.58505876
55,"BR",267847521,"1/23/2020",2020,1,0,19.40592843
55,"ES",109119364,"1/23/2020",2020,1,0,18.50795292
55,"TH",19054300,"1/23/2020",2020,1,0,16.76280336
55,"TR",64493998,"1/23/2020",2020,1,0,17.98208272
55,"SE",66197965,"1/23/2020",2020,1,0,18.00816028
56,"US",614123955,"1/30/2020",2020,1,0,20.23570735
56,"DE",198558864,"1/30/2020",2020,1,0,19.10659616
56,"UK",161460663,"1/30/2020",2020,1,0,18.8997721
56,"DK",27243433,"1/30/2020",2020,1,0,17.12032306
56,"IE",17955591,"1/30/2020",2020,1,0,16.7034121
56,"AR",90853849,"1/30/2020",2020,1,0,18.32476272
56,"JP",45487577,"1/30/2020",2020,1,0,17.63294981
56,"FR",129755406,"1/30/2020",2020,1,0,18.68116174
56,"CL",85449805,"1/30/2020",2020,1,0,18.26343969
56,"AU",93220359,"1/30/2020",2020,1,0,18.3504767
56,"MX",225280228,"1/30/2020",2020,1,0,19.23285564
56,"ID",96315843,"1/30/2020",2020,1,0,18.38314338
56,"IT",117893013,"1/30/2020",2020,1,0,18.5852881
56,"BR",265062919,"1/30/2020",2020,1,0,19.39547779
56,"ES",112057845,"1/30/2020",2020,1,0,18.53452577
56,"TH",19118199,"1/30/2020",2020,1,0,16.76615127
56,"TR",67905226,"1/30/2020",2020,1,0,18.03362356
56,"SE",64430056,"1/30/2020",2020,1,0,17.98109079
57,"US",585855520,"2/6/2020",2020,1,0,20.18858376
57,"DE",194086867,"2/6/2020",2020,1,0,19.08381638
57,"UK",159276981,"2/6/2020",2020,1,0,18.88615526
57,"DK",26295894,"2/6/2020",2020,1,0,17.08492336
57,"IE",17412831,"2/6/2020",2020,1,0,16.67271791
57,"AR",89095480,"2/6/2020",2020,1,0,18.30521916
57,"JP",44844521,"2/6/2020",2020,1,0,17.61871198
57,"FR",137289542,"2/6/2020",2020,1,0,18.7376027
57,"CL",84467786,"2/6/2020",2020,1,0,18.25188079
57,"AU",90002994,"2/6/2020",2020,1,0,18.31535349
57,"MX",221655439,"2/6/2020",2020,1,0,19.21663466
57,"ID",96479089,"2/6/2020",2020,1,0,18.38483685
57,"IT",118127757,"2/6/2020",2020,1,0,18.58727728
57,"BR",256738743,"2/6/2020",2020,1,0,19.36356956
57,"ES",112617482,"2/6/2020",2020,1,0,18.53950752
57,"TH",18969152,"2/6/2020",2020,1,0,16.75832464
57,"TR",70111534,"2/6/2020",2020,1,0,18.06559787
57,"SE",61796578,"2/6/2020",2020,1,0,17.93935855
58,"US",580337820,"2/13/2020",2020,1,0,20.17912094
58,"DE",189926545,"2/13/2020",2020,1,0,19.06214795
58,"UK",147504223,"2/13/2020",2020,1,0,18.80936736
58,"DK",27623725,"2/13/2020",2020,1,0,17.13418556
58,"IE",17081792,"2/13/2020",2020,1,0,16.65352366
58,"AR",85292487,"2/13/2020",2020,1,0,18.26159693
58,"JP",46144661,"2/13/2020",2020,1,0,17.64729182
58,"FR",122016932,"2/13/2020",2020,1,0,18.61967038
58,"CL",84998846,"2/13/2020",2020,1,0,18.25814824
58,"AU",88099861,"2/13/2020",2020,1,0,18.29398151
58,"MX",222465296,"2/13/2020",2020,1,0,19.22028167
58,"ID",97178721,"2/13/2020",2020,1,0,18.39206233
58,"IT",140402387,"2/13/2020",2020,1,0,18.76002305
58,"BR",251965952,"2/13/2020",2020,1,0,19.34480453
58,"ES",113519858,"2/13/2020",2020,1,0,18.54748834
58,"TH",19186633,"2/13/2020",2020,1,0,16.7697244
58,"TR",69852409,"2/13/2020",2020,1,0,18.06189513
58,"SE",58909114,"2/13/2020",2020,1,0,17.89150637
59,"US",599767168,"2/20/2020",2020,1,0,20.21205208
59,"DE",202207245,"2/20/2020",2020,1,0,19.12480369
59,"UK",151628178,"2/20/2020",2020,1,0,18.83694188
59,"DK",27320446,"2/20/2020",2020,1,0,17.12314592
59,"IE",17674542,"2/20/2020",2020,1,0,16.68763586
59,"AR",83588902,"2/20/2020",2020,1,0,18.24142132
59,"JP",47915074,"2/20/2020",2020,1,0,17.68494071
59,"FR",116685936,"2/20/2020",2020,1,0,18.57499658
59,"CL",84020666,"2/20/2020",2020,1,0,18.24657335
59,"AU",89220958,"2/20/2020",2020,1,0,18.30662653
59,"MX",233620899,"2/20/2020",2020,1,0,19.26921027
59,"ID",96709176,"2/20/2020",2020,1,0,18.38721885
59,"IT",129493146,"2/20/2020",2020,1,0,18.67913851
59,"BR",262523489,"2/20/2020",2020,1,0,19.38585112
59,"ES",116100723,"2/20/2020",2020,1,0,18.56996867
59,"TH",19710744,"2/20/2020",2020,1,0,16.79667443
59,"TR",73024406,"2/20/2020",2020,1,0,18.10630427
59,"SE",57753147,"2/20/2020",2020,1,0,17.8716884
60,"US",589157311,"2/27/2020",2020,1,0,20.19420379
60,"DE",181892771,"2/27/2020",2020,1,0,19.0189279
60,"UK",145174016,"2/27/2020",2020,1,0,18.79344369
60,"DK",28123688,"2/27/2020",2020,1,0,17.15212277
60,"IE",17421076,"2/27/2020",2020,1,0,16.6731913
60,"AR",83260157,"2/27/2020",2020,1,0,18.23748069
60,"JP",49334051,"2/27/2020",2020,1,0,17.71412509
60,"FR",113983026,"2/27/2020",2020,1,0,18.5515601
60,"CL",80428590,"2/27/2020",2020,1,0,18.20288027
60,"AU",92142433,"2/27/2020",2020,1,0,18.33884612
60,"MX",232479168,"2/27/2020",2020,1,0,19.26431118
60,"ID",98798347,"2/27/2020",2020,1,0,18.40859143
60,"IT",124866052,"2/27/2020",2020,1,0,18.64275214
60,"BR",264171172,"2/27/2020",2020,1,0,19.39210783
60,"ES",118626916,"2/27/2020",2020,1,0,18.59149397
60,"TH",21040167,"2/27/2020",2020,1,0,16.86194388
60,"TR",76264002,"2/27/2020",2020,1,0,18.14971159
60,"SE",58110884,"2/27/2020",2020,1,0,17.87786354
61,"US",628169377,"3/5/2020",2020,1,0,20.2583204
61,"DE",186992667,"3/5/2020",2020,1,0,19.04657996
61,"UK",142761217,"3/5/2020",2020,1,0,18.77668398
61,"DK",25928826,"3/5/2020",2020,1,0,17.07086588
61,"IE",16885632,"3/5/2020",2020,1,0,16.64197364
61,"AR",84724481,"3/5/2020",2020,1,0,18.25491515
61,"JP",48026157,"3/5/2020",2020,1,0,17.68725636
61,"FR",117969497,"3/5/2020",2020,1,0,18.58593665
61,"CL",107265578,"3/5/2020",2020,1,0,18.49081835
61,"AU",89530817,"3/5/2020",2020,1,0,18.31009345
61,"MX",276126849,"3/5/2020",2020,1,0,19.43637092
61,"ID",101100706,"3/5/2020",2020,1,0,18.43162767
61,"IT",121653477,"3/5/2020",2020,1,0,18.61668721
61,"BR",238612894,"3/5/2020",2020,1,0,19.29035311
61,"ES",132695356,"3/5/2020",2020,1,0,18.7035665
61,"TH",22641310,"3/5/2020",2020,1,0,16.93528667
61,"TR",74010973,"3/5/2020",2020,1,0,18.11972392
61,"SE",59864427,"3/5/2020",2020,1,0,17.90759301
62,"US",689064153,"3/12/2020",2020,1,0,20.35084493
62,"DE",185793617,"3/12/2020",2020,1,0,19.04014703
62,"UK",143909204,"3/12/2020",2020,1,0,18.78469313
62,"DK",24907311,"3/12/2020",2020,1,0,17.03067193
62,"IE",16521061,"3/12/2020",2020,1,0,16.62014655
62,"AR",84156195,"3/12/2020",2020,1,0,18.24818509
62,"JP",48585973,"3/12/2020",2020,1,0,17.69884543
62,"FR",139110744,"3/12/2020",2020,1,0,18.75078089
62,"CL",109468237,"3/12/2020",2020,1,0,18.51114499
62,"AU",88876465,"3/12/2020",2020,1,0,18.30275793
62,"MX",292506057,"3/12/2020",2020,1,0,19.49399593
62,"ID",100074562,"3/12/2020",2020,1,0,18.42142609
62,"IT",111755832,"3/12/2020",2020,1,0,18.53182698
62,"BR",244241612,"3/12/2020",2020,1,0,19.31366851
62,"ES",125046749,"3/12/2020",2020,1,0,18.64419822
62,"TH",20904324,"3/12/2020",2020,1,0,16.85546659
62,"TR",72739184,"3/12/2020",2020,1,0,18.10239078
62,"SE",64127059,"3/12/2020",2020,1,0,17.97637697
63,"US",600129865,"3/19/2020",2020,1,1,20.21265663
63,"DE",183492699,"3/19/2020",2020,1,1,19.02768544
63,"UK",133714032,"3/19/2020",2020,1,1,18.71121399
63,"DK",24500770,"3/19/2020",2020,1,1,17.0142151
63,"IE",17251811,"3/19/2020",2020,1,1,16.66342768
63,"AR",78108614,"3/19/2020",2020,1,1,18.1736109
63,"JP",48906054,"3/19/2020",2020,1,1,17.70541175
63,"FR",123033140,"3/19/2020",2020,1,1,18.62796431
63,"CL",92601378,"3/19/2020",2020,1,1,18.34381458
63,"AU",85545229,"3/19/2020",2020,1,1,18.26455579
63,"MX",269269285,"3/19/2020",2020,1,1,19.4112225
63,"ID",101248019,"3/19/2020",2020,1,1,18.4330837
63,"IT",98514676,"3/19/2020",2020,1,1,18.40571609
63,"BR",229837924,"3/19/2020",2020,1,1,19.25288494
63,"ES",115054000,"3/19/2020",2020,1,1,18.56091214
63,"TH",20996411,"3/19/2020",2020,1,1,16.85986208
63,"TR",70033067,"3/19/2020",2020,1,1,18.06447807
63,"SE",59845927,"3/19/2020",2020,1,1,17.90728393
64,"US",581608040,"3/26/2020",2020,1,1,20.18130731
64,"DE",168855311,"3/26/2020",2020,1,1,18.94455276
64,"UK",140163313,"3/26/2020",2020,1,1,18.75831882
64,"DK",24206862,"3/26/2020",2020,1,1,17.0021467
64,"IE",17473655,"3/26/2020",2020,1,1,16.67620488
64,"AR",70111351,"3/26/2020",2020,1,1,18.06559526
64,"JP",49832243,"3/26/2020",2020,1,1,17.72417278
64,"FR",106125076,"3/26/2020",2020,1,1,18.48012892
64,"CL",76017988,"3/26/2020",2020,1,1,18.14648055
64,"AU",89406852,"3/26/2020",2020,1,1,18.30870788
64,"MX",255784738,"3/26/2020",2020,1,1,19.35984678
64,"ID",97950368,"3/26/2020",2020,1,1,18.39997146
64,"IT",92247618,"3/26/2020",2020,1,1,18.33998702
64,"BR",204843178,"3/26/2020",2020,1,1,19.13775526
64,"ES",120921991,"3/26/2020",2020,1,1,18.61065619
64,"TH",19796805,"3/26/2020",2020,1,1,16.80103112
64,"TR",64323266,"3/26/2020",2020,1,1,17.97943196
64,"SE",57512393,"3/26/2020",2020,1,1,17.86751101
65,"US",529659972,"4/2/2020",2020,1,1,20.0877458
65,"DE",178960555,"4/2/2020",2020,1,1,19.00267598
65,"UK",134606306,"4/2/2020",2020,1,1,18.71786482
65,"DK",24573890,"4/2/2020",2020,1,1,17.01719506
65,"IE",17562251,"4/2/2020",2020,1,1,16.68126233
65,"AR",68594650,"4/2/2020",2020,1,1,18.0437251
65,"JP",47957124,"4/2/2020",2020,1,1,17.68581792
65,"FR",101339064,"4/2/2020",2020,1,1,18.43398252
65,"CL",72831131,"4/2/2020",2020,1,1,18.10365405
65,"AU",87030245,"4/2/2020",2020,1,1,18.28176626
65,"MX",252058022,"4/2/2020",2020,1,1,19.34516987
65,"ID",93593194,"4/2/2020",2020,1,1,18.35446823
65,"IT",97243218,"4/2/2020",2020,1,1,18.3927258
65,"BR",221397459,"4/2/2020",2020,1,1,19.2154701
65,"ES",114869515,"4/2/2020",2020,1,1,18.55930739
65,"TH",19209535,"4/2/2020",2020,1,1,16.77091733
65,"TR",60334023,"4/2/2020",2020,1,1,17.91540673
65,"SE",57384278,"4/2/2020",2020,1,1,17.86528092
66,"US",527477351,"4/9/2020",2020,1,1,20.08361649
66,"DE",182162353,"4/9/2020",2020,1,1,19.0204089
66,"UK",138959727,"4/9/2020",2020,1,1,18.74969472
66,"DK",24645260,"4/9/2020",2020,1,1,17.02009515
66,"IE",17578913,"4/9/2020",2020,1,1,16.68221062
66,"AR",67401905,"4/9/2020",2020,1,1,18.02618384
66,"JP",47781598,"4/9/2020",2020,1,1,17.68215114
66,"FR",102185001,"4/9/2020",2020,1,1,18.44229546
66,"CL",69832823,"4/9/2020",2020,1,1,18.0616147
66,"AU",84193254,"4/9/2020",2020,1,1,18.24862536
66,"MX",231136112,"4/9/2020",2020,1,1,19.25851732
66,"ID",91580809,"4/9/2020",2020,1,1,18.3327323
66,"IT",93632979,"4/9/2020",2020,1,1,18.35489322
66,"BR",214538561,"4/9/2020",2020,1,1,19.18400005
66,"ES",112389877,"4/9/2020",2020,1,1,18.53748443
66,"TH",19042058,"4/9/2020",2020,1,1,16.76216067
66,"TR",59374713,"4/9/2020",2020,1,1,17.89937899
66,"SE",60941871,"4/9/2020",2020,1,1,17.92543103
67,"US",501715463,"4/16/2020",2020,1,1,20.03354371
67,"DE",171227071,"4/16/2020",2020,1,1,18.95850113
67,"UK",135823543,"4/16/2020",2020,1,1,18.72686712
67,"DK",23984878,"4/16/2020",2020,1,1,16.99293411
67,"IE",17455309,"4/16/2020",2020,1,1,16.6751544
67,"AR",67916210,"4/16/2020",2020,1,1,18.0337853
67,"JP",48371476,"4/16/2020",2020,1,1,17.69442086
67,"FR",97471694,"4/16/2020",2020,1,1,18.39507258
67,"CL",66608656,"4/16/2020",2020,1,1,18.0143451
67,"AU",82085041,"4/16/2020",2020,1,1,18.22326635
67,"MX",212986908,"4/16/2020",2020,1,1,19.17674126
67,"ID",90425053,"4/16/2020",2020,1,1,18.32003192
67,"IT",93630515,"4/16/2020",2020,1,1,18.3548669
67,"BR",198545712,"4/16/2020",2020,1,1,19.10652992
67,"ES",109462848,"4/16/2020",2020,1,1,18.51109576
67,"TH",18813247,"4/16/2020",2020,1,1,16.75007181
67,"TR",58054290,"4/16/2020",2020,1,1,17.87688917
67,"SE",56066686,"4/16/2020",2020,1,1,17.84205236
68,"US",512559587,"4/23/2020",2020,1,1,20.05492753
68,"DE",181335260,"4/23/2020",2020,1,1,19.01585814
68,"UK",132313852,"4/23/2020",2020,1,1,18.70068733
68,"DK",23076095,"4/23/2020",2020,1,1,16.95430779
68,"IE",16579235,"4/23/2020",2020,1,1,16.62366157
68,"AR",69205278,"4/23/2020",2020,1,1,18.05258769
68,"JP",48573709,"4/23/2020",2020,1,1,17.69859298
68,"FR",93511334,"4/23/2020",2020,1,1,18.35359321
68,"CL",67950313,"4/23/2020",2020,1,1,18.0342873
68,"AU",81964517,"4/23/2020",2020,1,1,18.22179699
68,"MX",206352012,"4/23/2020",2020,1,1,19.14509406
68,"ID",86578375,"4/23/2020",2020,1,1,18.27656063
68,"IT",89250449,"4/23/2020",2020,1,1,18.30695701
68,"BR",200291940,"4/23/2020",2020,1,1,19.11528656
68,"ES",107866787,"4/23/2020",2020,1,1,18.49640757
68,"TH",18254912,"4/23/2020",2020,1,1,16.71994475
68,"TR",59195913,"4/23/2020",2020,1,1,17.89636306
68,"SE",55239800,"4/23/2020",2020,1,1,17.82719427
69,"US",523669044,"4/30/2020",2020,1,1,20.07637045
69,"DE",187720812,"4/30/2020",2020,1,1,19.05046637
69,"UK",131869197,"4/30/2020",2020,1,1,18.69732106
69,"DK",25013417,"4/30/2020",2020,1,1,17.03492292
69,"IE",16558337,"4/30/2020",2020,1,1,16.62240028
69,"AR",66613030,"4/30/2020",2020,1,1,18.01441076
69,"JP",49760688,"4/30/2020",2020,1,1,17.72273583
69,"FR",89633620,"4/30/2020",2020,1,1,18.31124103
69,"CL",66380802,"4/30/2020",2020,1,1,18.01091845
69,"AU",81657273,"4/30/2020",2020,1,1,18.21804145
69,"MX",210707131,"4/30/2020",2020,1,1,19.16597972
69,"ID",79014595,"4/30/2020",2020,1,1,18.18514314
69,"IT",91955976,"4/30/2020",2020,1,1,18.3368205
69,"BR",201170336,"4/30/2020",2020,1,1,19.11966255
69,"ES",110100270,"4/30/2020",2020,1,1,18.51690205
69,"TH",18502017,"4/30/2020",2020,1,1,16.73339031
69,"TR",57316667,"4/30/2020",2020,1,1,17.86410201
69,"SE",55420238,"4/30/2020",2020,1,1,17.83045539
70,"US",562103719,"5/7/2020",2020,1,1,20.14719694
70,"DE",179881387,"5/7/2020",2020,1,1,19.00780823
70,"UK",135999683,"5/7/2020",2020,1,1,18.72816311
70,"DK",25517036,"5/7/2020",2020,1,1,17.05485687
70,"IE",16369019,"5/7/2020",2020,1,1,16.61090102
70,"AR",63787815,"5/7/2020",2020,1,1,17.97107274
70,"JP",49738680,"5/7/2020",2020,1,1,17.72229346
70,"FR",86342579,"5/7/2020",2020,1,1,18.27383342
70,"CL",64750205,"5/7/2020",2020,1,1,17.98604742
70,"AU",81358748,"5/7/2020",2020,1,1,18.21437892
70,"MX",208565501,"5/7/2020",2020,1,1,19.1557637
70,"ID",75530899,"5/7/2020",2020,1,1,18.14005239
70,"IT",91765422,"5/7/2020",2020,1,1,18.33474612
70,"BR",194922001,"5/7/2020",2020,1,1,19.08811004
70,"ES",118364446,"5/7/2020",2020,1,1,18.58927895
70,"TH",19337652,"5/7/2020",2020,1,1,16.77756463
70,"TR",56121733,"5/7/2020",2020,1,1,17.84303369
70,"SE",52533125,"5/7/2020",2020,1,1,17.77695448
71,"US",525869942,"5/14/2020",2020,1,1,20.08056448
71,"DE",188612437,"5/14/2020",2020,1,1,19.05520487
71,"UK",127191483,"5/14/2020",2020,1,1,18.66120425
71,"DK",25593888,"5/14/2020",2020,1,1,17.05786413
71,"IE",16999249,"5/14/2020",2020,1,1,16.64867972
71,"AR",64909499,"5/14/2020",2020,1,1,17.98850453
71,"JP",50034424,"5/14/2020",2020,1,1,17.72822181
71,"FR",91101000,"5/14/2020",2020,1,1,18.32747934
71,"CL",71615676,"5/14/2020",2020,1,1,18.08682455
71,"AU",81494449,"5/14/2020",2020,1,1,18.21604547
71,"MX",203833138,"5/14/2020",2020,1,1,19.13281227
71,"ID",77429691,"5/14/2020",2020,1,1,18.16488087
71,"IT",101729471,"5/14/2020",2020,1,1,18.4378276
71,"BR",198319731,"5/14/2020",2020,1,1,19.10539109
71,"ES",121738260,"5/14/2020",2020,1,1,18.61738389
71,"TH",20011571,"5/14/2020",2020,1,1,16.81182121
71,"TR",56256135,"5/14/2020",2020,1,1,17.84542566
71,"SE",53335599,"5/14/2020",2020,1,1,17.79211456
72,"US",530462294,"5/21/2020",2020,1,1,20.08925944
72,"DE",192780152,"5/21/2020",2020,1,1,19.07706099
72,"UK",129402900,"5/21/2020",2020,1,1,18.67844135
72,"DK",25885301,"5/21/2020",2020,1,1,17.06918584
72,"IE",16281338,"5/21/2020",2020,1,1,16.6055301
72,"AR",67814607,"5/21/2020",2020,1,1,18.03228817
72,"JP",51179119,"5/21/2020",2020,1,1,17.75084217
72,"FR",99938475,"5/21/2020",2020,1,1,18.4200653
72,"CL",64902666,"5/21/2020",2020,1,1,17.98839926
72,"AU",81620382,"5/21/2020",2020,1,1,18.21758957
72,"MX",209931671,"5/21/2020",2020,1,1,19.16229266
72,"ID",78122143,"5/21/2020",2020,1,1,18.1737841
72,"IT",99039952,"5/21/2020",2020,1,1,18.41103388
72,"BR",204464787,"5/21/2020",2020,1,1,19.13590633
72,"ES",123352577,"5/21/2020",2020,1,1,18.63055729
72,"TH",20098909,"5/21/2020",2020,1,1,16.81617609
72,"TR",58450473,"5/21/2020",2020,1,1,17.88369034
72,"SE",56965546,"5/21/2020",2020,1,1,17.85795719
73,"US",525290485,"5/28/2020",2020,1,1,20.07946197
73,"DE",187979576,"5/28/2020",2020,1,1,19.05184388
73,"UK",141176298,"5/28/2020",2020,1,1,18.76552001
73,"DK",27018183,"5/28/2020",2020,1,1,17.11202064
73,"IE",16794204,"5/28/2020",2020,1,1,16.63654438
73,"AR",68668632,"5/28/2020",2020,1,1,18.04480306
73,"JP",53418488,"5/28/2020",2020,1,1,17.79366746
73,"FR",102199526,"5/28/2020",2020,1,1,18.4424376
73,"CL",62954636,"5/28/2020",2020,1,1,17.95792496
73,"AU",80431036,"5/28/2020",2020,1,1,18.20291068
73,"MX",202862639,"5/28/2020",2020,1,1,19.12803965
73,"ID",73577622,"5/28/2020",2020,1,1,18.11385149
73,"IT",108235324,"5/28/2020",2020,1,1,18.49981834
73,"BR",200510264,"5/28/2020",2020,1,1,19.116376
73,"ES",124849249,"5/28/2020",2020,1,1,18.64261756
73,"TH",20331065,"5/28/2020",2020,1,1,16.82766057
73,"TR",56498148,"5/28/2020",2020,1,1,17.84971842
73,"SE",58744251,"5/28/2020",2020,1,1,17.88870385
74,"US",510653908,"6/4/2020",2020,1,1,20.05120263
74,"DE",208061509,"6/4/2020",2020,1,1,19.15334431
74,"UK",141448746,"6/4/2020",2020,1,1,18.76744799
74,"DK",26441510,"6/4/2020",2020,1,1,17.09044568
74,"IE",17782298,"6/4/2020",2020,1,1,16.69371403
74,"AR",66592080,"6/4/2020",2020,1,1,18.01409621
74,"JP",54535511,"6/4/2020",2020,1,1,17.81436263
74,"FR",106325904,"6/4/2020",2020,1,1,18.4820195
74,"CL",65197917,"6/4/2020",2020,1,1,17.99293808
74,"AU",81089521,"6/4/2020",2020,1,1,18.2110643
74,"MX",196238310,"6/4/2020",2020,1,1,19.09484035
74,"ID",75448535,"6/4/2020",2020,1,1,18.13896133
74,"IT",111203411,"6/4/2020",2020,1,1,18.52687161
74,"BR",212722635,"6/4/2020",2020,1,1,19.17549969
74,"ES",128798819,"6/4/2020",2020,1,1,18.6737622
74,"TH",20789047,"6/4/2020",2020,1,1,16.84993682
74,"TR",56250531,"6/4/2020",2020,1,1,17.84532604
74,"SE",58637627,"6/4/2020",2020,1,1,17.88688715
75,"US",488858276,"6/11/2020",2020,1,1,20.00758318
75,"DE",199843549,"6/11/2020",2020,1,1,19.11304536
75,"UK",120161765,"6/11/2020",2020,1,1,18.60434943
75,"DK",26450715,"6/11/2020",2020,1,1,17.09079375
75,"IE",16907999,"6/11/2020",2020,1,1,16.64329738
75,"AR",67562300,"6/11/2020",2020,1,1,18.02856069
75,"JP",56036637,"6/11/2020",2020,1,1,17.84151627
75,"FR",108283301,"6/11/2020",2020,1,1,18.50026151
75,"CL",60389002,"6/11/2020",2020,1,1,17.91631756
75,"AU",78248781,"6/11/2020",2020,1,1,18.17540381
75,"MX",195853558,"6/11/2020",2020,1,1,19.09287778
75,"ID",81008224,"6/11/2020",2020,1,1,18.21006124
75,"IT",124977524,"6/11/2020",2020,1,1,18.64364447
75,"BR",210386935,"6/11/2020",2020,1,1,19.16445894
75,"ES",125670260,"6/11/2020",2020,1,1,18.64917205
75,"TH",20525322,"6/11/2020",2020,1,1,16.8371699
75,"TR",58869125,"6/11/2020",2020,1,1,17.89082732
75,"SE",55448786,"6/11/2020",2020,1,1,17.83097038
76,"US",506541660,"6/18/2020",2020,1,1,20.04311713
76,"DE",186025639,"6/18/2020",2020,1,1,19.04139507
76,"UK",124679143,"6/18/2020",2020,1,1,18.64125414
76,"DK",25573068,"6/18/2020",2020,1,1,17.05705032
76,"IE",15552864,"6/18/2020",2020,1,1,16.55975536
76,"AR",69156724,"6/18/2020",2020,1,1,18.05188585
76,"JP",56089813,"6/18/2020",2020,1,1,17.84246477
76,"FR",112332156,"6/18/2020",2020,1,1,18.53697072
76,"CL",59049710,"6/18/2020",2020,1,1,17.89389019
76,"AU",79428456,"6/18/2020",2020,1,1,18.19036725
76,"MX",194232115,"6/18/2020",2020,1,1,19.08456447
76,"ID",81166834,"6/18/2020",2020,1,1,18.21201727
76,"IT",127178240,"6/18/2020",2020,1,1,18.66110013
76,"BR",210608988,"6/18/2020",2020,1,1,19.16551383
76,"ES",126248937,"6/18/2020",2020,1,1,18.65376621
76,"TH",20983953,"6/18/2020",2020,1,1,16.85926856
76,"TR",61530671,"6/18/2020",2020,1,1,17.93504632
76,"SE",58460887,"6/18/2020",2020,1,1,17.88386849
77,"US",486742484,"6/25/2020",2020,1,1,20.00324576
77,"DE",203279011,"6/25/2020",2020,1,1,19.13009003
77,"UK",128870127,"6/25/2020",2020,1,1,18.67431569
77,"DK",26687405,"6/25/2020",2020,1,1,17.09970229
77,"IE",15704843,"6/25/2020",2020,1,1,16.56947969
77,"AR",67873005,"6/25/2020",2020,1,1,18.03314894
77,"JP",57916591,"6/25/2020",2020,1,1,17.87451445
77,"FR",123199018,"6/25/2020",2020,1,1,18.62931164
77,"CL",56983393,"6/25/2020",2020,1,1,17.85827043
77,"AU",77896437,"6/25/2020",2020,1,1,18.17089077
77,"MX",192417779,"6/25/2020",2020,1,1,19.0751795
77,"ID",78561157,"6/25/2020",2020,1,1,18.17938795
77,"IT",141017120,"6/25/2020",2020,1,1,18.76439186
77,"BR",208161005,"6/25/2020",2020,1,1,19.1538224
77,"ES",132172191,"6/25/2020",2020,1,1,18.69961611
77,"TH",21285110,"6/25/2020",2020,1,1,16.87351833
77,"TR",58961493,"6/25/2020",2020,1,1,17.89239513
77,"SE",60242629,"6/25/2020",2020,1,1,17.91389078
78,"US",490281697,"7/2/2020",2020,1,1,20.01049068
78,"DE",192366112,"7/2/2020",2020,1,1,19.07491095
78,"UK",122205800,"7/2/2020",2020,1,1,18.62121707
78,"DK",26836910,"7/2/2020",2020,1,1,17.10528874
78,"IE",15860464,"7/2/2020",2020,1,1,16.57934003
78,"AR",65542524,"7/2/2020",2020,1,1,17.99820971
78,"JP",59525059,"7/2/2020",2020,1,1,17.90190794
78,"FR",116867603,"7/2/2020",2020,1,1,18.57655225
78,"CL",56816508,"7/2/2020",2020,1,1,17.85533748
78,"AU",78628981,"7/2/2020",2020,1,1,18.1802509
78,"MX",187616854,"7/2/2020",2020,1,1,19.04991243
78,"ID",82779710,"7/2/2020",2020,1,1,18.23169354
78,"IT",149231283,"7/2/2020",2020,1,1,18.8210079
78,"BR",201924157,"7/2/2020",2020,1,1,19.12340272
78,"ES",130778443,"7/2/2020",2020,1,1,18.68901517
78,"TH",22435658,"7/2/2020",2020,1,1,16.92616213
78,"TR",59407987,"7/2/2020",2020,1,1,17.89993924
78,"SE",56448219,"7/2/2020",2020,1,1,17.8488343
79,"US",508159115,"7/9/2020",2020,1,1,20.04630518
79,"DE",195751673,"7/9/2020",2020,1,1,19.09235744
79,"UK",131931971,"7/9/2020",2020,1,1,18.69779698
79,"DK",25368308,"7/9/2020",2020,1,1,17.04901124
79,"IE",15667622,"7/9/2020",2020,1,1,16.56710685
79,"AR",66737666,"7/9/2020",2020,1,1,18.01628006
79,"JP",61115502,"7/9/2020",2020,1,1,17.92827611
79,"FR",117838052,"7/9/2020",2020,1,1,18.5848218
79,"CL",58054083,"7/9/2020",2020,1,1,17.8768856
79,"AU",78928023,"7/9/2020",2020,1,1,18.18404689
79,"MX",189183781,"7/9/2020",2020,1,1,19.05822949
79,"ID",83333751,"7/9/2020",2020,1,1,18.2383642
79,"IT",142365706,"7/9/2020",2020,1,1,18.7739097
79,"BR",206896563,"7/9/2020",2020,1,1,19.14772953
79,"ES",129668111,"7/9/2020",2020,1,1,18.68048875
79,"TH",22249845,"7/9/2020",2020,1,1,16.9178456
79,"TR",59387728,"7/9/2020",2020,1,1,17.89959816
79,"SE",53437973,"7/9/2020",2020,1,1,17.79403216
80,"US",634058420,"7/16/2020",2020,1,1,20.26765165
80,"DE",192479930,"7/16/2020",2020,1,1,19.07550245
80,"UK",141708186,"7/16/2020",2020,1,1,18.76928047
80,"DK",25140396,"7/16/2020",2020,1,1,17.03998651
80,"IE",16698277,"7/16/2020",2020,1,1,16.6308161
80,"AR",70042398,"7/16/2020",2020,1,1,18.0646113
80,"JP",62664677,"7/16/2020",2020,1,1,17.95330848
80,"FR",122073532,"7/16/2020",2020,1,1,18.62013414
80,"CL",61055584,"7/16/2020",2020,1,1,17.92729522
80,"AU",81418728,"7/16/2020",2020,1,1,18.21511588
80,"MX",191844639,"7/16/2020",2020,1,1,19.07219643
80,"ID",84072837,"7/16/2020",2020,1,1,18.24719409
80,"IT",141763981,"7/16/2020",2020,1,1,18.76967413
80,"BR",215362134,"7/16/2020",2020,1,1,19.18783151
80,"ES",130045612,"7/16/2020",2020,1,1,18.68339581
80,"TH",22729415,"7/16/2020",2020,1,1,16.93917046
80,"TR",59303734,"7/16/2020",2020,1,1,17.89818283
80,"SE",52522231,"7/16/2020",2020,1,1,17.77674709
81,"US",546694809,"7/23/2020",2020,1,1,20.11940127
81,"DE",192863346,"7/23/2020",2020,1,1,19.07749244
81,"UK",137298039,"7/23/2020",2020,1,1,18.73766459
81,"DK",25049025,"7/23/2020",2020,1,1,17.03634546
81,"IE",17388099,"7/23/2020",2020,1,1,16.67129656
81,"AR",76331079,"7/23/2020",2020,1,1,18.15059074
81,"JP",62837010,"7/23/2020",2020,1,1,17.95605479
81,"FR",122274134,"7/23/2020",2020,1,1,18.62177608
81,"CL",60141640,"7/23/2020",2020,1,1,17.912213
81,"AU",77925779,"7/23/2020",2020,1,1,18.17126738
81,"MX",202088100,"7/23/2020",2020,1,1,19.1242143
81,"ID",85752786,"7/23/2020",2020,1,1,18.26697913
81,"IT",150603136,"7/23/2020",2020,1,1,18.8301587
81,"BR",221676853,"7/23/2020",2020,1,1,19.21673126
81,"ES",130068435,"7/23/2020",2020,1,1,18.68357129
81,"TH",22767064,"7/23/2020",2020,1,1,16.94082549
81,"TR",63486705,"7/23/2020",2020,1,1,17.96634107
81,"SE",51761942,"7/23/2020",2020,1,1,17.76216573
82,"US",649961369,"7/30/2020",2020,1,1,20.29242349
82,"DE",203052960,"7/30/2020",2020,1,1,19.12897739
82,"UK",149463681,"7/30/2020",2020,1,1,18.82256398
82,"DK",24898816,"7/30/2020",2020,1,1,17.03033081
82,"IE",17570077,"7/30/2020",2020,1,1,16.68170784
82,"AR",80254789,"7/30/2020",2020,1,1,18.20071699
82,"JP",66029723,"7/30/2020",2020,1,1,18.00561555
82,"FR",118927260,"7/30/2020",2020,1,1,18.5940226
82,"CL",62735632,"7/30/2020",2020,1,1,17.95444014
82,"AU",86868531,"7/30/2020",2020,1,1,18.2799064
82,"MX",204472911,"7/30/2020",2020,1,1,19.13594606
82,"ID",85322306,"7/30/2020",2020,1,1,18.26194648
82,"IT",143824380,"7/30/2020",2020,1,1,18.78410353
82,"BR",222834410,"7/30/2020",2020,1,1,19.2219395
82,"ES",133214959,"7/30/2020",2020,1,1,18.70747461
82,"TH",24208060,"7/30/2020",2020,1,1,17.00219619
82,"TR",66675488,"7/30/2020",2020,1,1,18.01534795
82,"SE",48805486,"7/30/2020",2020,1,1,17.70335328
83,"US",549084133,"8/6/2020",2020,1,1,20.12376224
83,"DE",211531517,"8/6/2020",2020,1,1,19.16988456
83,"UK",137995979,"8/6/2020",2020,1,1,18.74273511
83,"DK",24669784,"8/6/2020",2020,1,1,17.02108973
83,"IE",17307964,"8/6/2020",2020,1,1,16.6666773
83,"AR",83177216,"8/6/2020",2020,1,1,18.23648402
83,"JP",68770205,"8/6/2020",2020,1,1,18.04628114
83,"FR",117214272,"8/6/2020",2020,1,1,18.5795142
83,"CL",64921882,"8/6/2020",2020,1,1,17.98869529
83,"AU",79595738,"8/6/2020",2020,1,1,18.19247111
83,"MX",199969168,"8/6/2020",2020,1,1,19.11367375
83,"ID",82936787,"8/6/2020",2020,1,1,18.23358927
83,"IT",139774582,"8/6/2020",2020,1,1,18.75554155
83,"BR",225775499,"8/6/2020",2020,1,1,19.2350517
83,"ES",130120003,"8/6/2020",2020,1,1,18.68396768
83,"TH",22878218,"8/6/2020",2020,1,1,16.94569584
83,"TR",65919885,"8/6/2020",2020,1,1,18.0039507
83,"SE",49564403,"8/6/2020",2020,1,1,17.71878345
84,"US",532915507,"8/13/2020",2020,1,1,20.09387345
84,"DE",200433784,"8/13/2020",2020,1,1,19.1159945
84,"UK",137630804,"8/13/2020",2020,1,1,18.74008532
84,"DK",27951502,"8/13/2020",2020,1,1,17.14598149
84,"IE",16773744,"8/13/2020",2020,1,1,16.63532536
84,"AR",80534115,"8/13/2020",2020,1,1,18.20419144
84,"JP",77577891,"8/13/2020",2020,1,1,18.16679303
84,"FR",110977532,"8/13/2020",2020,1,1,18.52483832
84,"CL",65201580,"8/13/2020",2020,1,1,17.99299426
84,"AU",77717328,"8/13/2020",2020,1,1,18.1685888
84,"MX",202186365,"8/13/2020",2020,1,1,19.12470043
84,"ID",80811966,"8/13/2020",2020,1,1,18.20763561
84,"IT",137385038,"8/13/2020",2020,1,1,18.73829804
84,"BR",226973293,"8/13/2020",2020,1,1,19.24034292
84,"ES",126035631,"8/13/2020",2020,1,1,18.65207521
84,"TH",23125161,"8/13/2020",2020,1,1,16.9564318
84,"TR",63755127,"8/13/2020",2020,1,1,17.97056016
84,"SE",49691607,"8/13/2020",2020,1,1,17.7213466
85,"US",548484195,"8/20/2020",2020,1,1,20.12266902
85,"DE",189428510,"8/20/2020",2020,1,1,19.05952226
85,"UK",133296283,"8/20/2020",2020,1,1,18.7080849
85,"DK",27105673,"8/20/2020",2020,1,1,17.1152536
85,"IE",16706181,"8/20/2020",2020,1,1,16.63128933
85,"AR",79153397,"8/20/2020",2020,1,1,18.18689826
85,"JP",75074618,"8/20/2020",2020,1,1,18.13399308
85,"FR",109453407,"8/20/2020",2020,1,1,18.51100951
85,"CL",66258230,"8/20/2020",2020,1,1,18.00907024
85,"AU",79656754,"8/20/2020",2020,1,1,18.19323739
85,"MX",205994729,"8/20/2020",2020,1,1,19.14336114
85,"ID",79549372,"8/20/2020",2020,1,1,18.19188842
85,"IT",128995238,"8/20/2020",2020,1,1,18.67528605
85,"BR",225050838,"8/20/2020",2020,1,1,19.23183688
85,"ES",123878125,"8/20/2020",2020,1,1,18.63480878
85,"TH",23011806,"8/20/2020",2020,1,1,16.95151795
85,"TR",66146966,"8/20/2020",2020,1,1,18.00738958
85,"SE",49062861,"8/20/2020",2020,1,1,17.70861291
86,"US",526114369,"8/27/2020",2020,1,1,20.08102918
86,"DE",188070047,"8/27/2020",2020,1,1,19.05232504
86,"UK",132844579,"8/27/2020",2020,1,1,18.70469042
86,"DK",27419083,"8/27/2020",2020,1,1,17.12674979
86,"IE",16468880,"8/27/2020",2020,1,1,16.6169831
86,"AR",86821245,"8/27/2020",2020,1,1,18.27936191
86,"JP",74368738,"8/27/2020",2020,1,1,18.12454622
86,"FR",113324174,"8/27/2020",2020,1,1,18.54576307
86,"CL",71638398,"8/27/2020",2020,1,1,18.08714177
86,"AU",79514549,"8/27/2020",2020,1,1,18.19145057
86,"MX",219801364,"8/27/2020",2020,1,1,19.20823481
86,"ID",80410730,"8/27/2020",2020,1,1,18.20265818
86,"IT",123958116,"8/27/2020",2020,1,1,18.63545429
86,"BR",225542343,"8/27/2020",2020,1,1,19.23401847
86,"ES",127581386,"8/27/2020",2020,1,1,18.66426504
86,"TH",24466657,"8/27/2020",2020,1,1,17.01282181
86,"TR",67379965,"8/27/2020",2020,1,1,18.02585828
86,"SE",49092216,"8/27/2020",2020,1,1,17.70921105
87,"US",517944041,"9/3/2020",2020,1,1,20.06537777
87,"DE",184543034,"9/3/2020",2020,1,1,19.03339324
87,"UK",134034332,"9/3/2020",2020,1,1,18.71360653
87,"DK",27315445,"9/3/2020",2020,1,1,17.12296285
87,"IE",16030184,"9/3/2020",2020,1,1,16.589984
87,"AR",88530090,"9/3/2020",2020,1,1,18.29885305
87,"JP",74904782,"9/3/2020",2020,1,1,18.13172829
87,"FR",132849500,"9/3/2020",2020,1,1,18.70472747
87,"CL",75077391,"9/3/2020",2020,1,1,18.13403002
87,"AU",81671809,"9/3/2020",2020,1,1,18.21821945
87,"MX",228295922,"9/3/2020",2020,1,1,19.24615325
87,"ID",85268412,"9/3/2020",2020,1,1,18.26131463
87,"IT",120078003,"9/3/2020",2020,1,1,18.60365211
87,"BR",242027433,"9/3/2020",2020,1,1,19.30456164
87,"ES",127632745,"9/3/2020",2020,1,1,18.66466752
87,"TH",25554229,"9/3/2020",2020,1,1,17.05631338
87,"TR",70512354,"9/3/2020",2020,1,1,18.07129849
87,"SE",50657662,"9/3/2020",2020,1,1,17.74060105
88,"US",510645981,"9/10/2020",2020,1,1,20.05118711
88,"DE",189698693,"9/10/2020",2020,1,1,19.06094755
88,"UK",130652254,"9/10/2020",2020,1,1,18.6880498
88,"DK",27329070,"9/10/2020",2020,1,1,17.12346153
88,"IE",15517087,"9/10/2020",2020,1,1,16.55745236
88,"AR",91836374,"9/10/2020",2020,1,1,18.33551901
88,"JP",74007422,"9/10/2020",2020,1,1,18.11967594
88,"FR",126129135,"9/10/2020",2020,1,1,18.65281682
88,"CL",76744306,"9/10/2020",2020,1,1,18.15598975
88,"AU",81271351,"9/10/2020",2020,1,1,18.21330413
88,"MX",230497104,"9/10/2020",2020,1,1,19.25574886
88,"ID",85820448,"9/10/2020",2020,1,1,18.26776786
88,"IT",118956991,"9/10/2020",2020,1,1,18.59427257
88,"BR",255313031,"9/10/2020",2020,1,1,19.35800092
88,"ES",129416464,"9/10/2020",2020,1,1,18.67854617
88,"TH",24868948,"9/10/2020",2020,1,1,17.02913051
88,"TR",73298657,"9/10/2020",2020,1,1,18.11005284
88,"SE",52003046,"9/10/2020",2020,1,1,17.76681285
89,"US",498877027,"9/17/2020",2020,1,1,20.02787018
89,"DE",200724854,"9/17/2020",2020,1,1,19.11744564
89,"UK",133184372,"9/17/2020",2020,1,1,18.70724498
89,"DK",26659088,"9/17/2020",2020,1,1,17.09864066
89,"IE",15373919,"9/17/2020",2020,1,1,16.54818306
89,"AR",94027464,"9/17/2020",2020,1,1,18.35909747
89,"JP",75571977,"9/17/2020",2020,1,1,18.1405961
89,"FR",133004984,"9/17/2020",2020,1,1,18.70589716
89,"CL",81910266,"9/17/2020",2020,1,1,18.22113489
89,"AU",81134397,"9/17/2020",2020,1,1,18.21161756
89,"MX",223685214,"9/17/2020",2020,1,1,19.22575033
89,"ID",84953015,"9/17/2020",2020,1,1,18.2576089
89,"IT",117635104,"9/17/2020",2020,1,1,18.58309805
89,"BR",267630037,"9/17/2020",2020,1,1,19.40511613
89,"ES",127667360,"9/17/2020",2020,1,1,18.66493869
89,"TH",24291109,"9/17/2020",2020,1,1,17.00562096
89,"TR",70240173,"9/17/2020",2020,1,1,18.06743097
89,"SE",51323835,"9/17/2020",2020,1,1,17.75366582
90,"US",493231679,"9/24/2020",2020,1,1,20.01648956
90,"DE",195129642,"9/24/2020",2020,1,1,19.08917473
90,"UK",132978644,"9/24/2020",2020,1,1,18.7056991
90,"DK",27495937,"9/24/2020",2020,1,1,17.12954881
90,"IE",15425172,"9/24/2020",2020,1,1,16.55151128
90,"AR",94495047,"9/24/2020",2020,1,1,18.36405798
90,"JP",78882041,"9/24/2020",2020,1,1,18.18346414
90,"FR",152249999,"9/24/2020",2020,1,1,18.84103446
90,"CL",76744216,"9/24/2020",2020,1,1,18.15598858
90,"AU",80816384,"9/24/2020",2020,1,1,18.20769028
90,"MX",230022807,"9/24/2020",2020,1,1,19.25368902
90,"ID",85126900,"9/24/2020",2020,1,1,18.25965364
90,"IT",126010791,"9/24/2020",2020,1,1,18.6518781
90,"BR",254193378,"9/24/2020",2020,1,1,19.35360587
90,"ES",123558334,"9/24/2020",2020,1,1,18.63222394
90,"TH",24481795,"9/24/2020",2020,1,1,17.01344034
90,"TR",70446273,"9/24/2020",2020,1,1,18.07036089
90,"SE",50517667,"9/24/2020",2020,1,1,17.73783367
91,"US",499390376,"10/1/2020",2020,1,1,20.02889866
91,"DE",186669093,"10/1/2020",2020,1,1,19.04484805
91,"UK",132548695,"10/1/2020",2020,1,1,18.70246065
91,"DK",26876623,"10/1/2020",2020,1,1,17.10676743
91,"IE",15255195,"10/1/2020",2020,1,1,16.54043066
91,"AR",93731360,"10/1/2020",2020,1,1,18.35594338
91,"JP",78170259,"10/1/2020",2020,1,1,18.17439981
91,"FR",129892263,"10/1/2020",2020,1,1,18.68221592
91,"CL",80394579,"10/1/2020",2020,1,1,18.20245731
91,"AU",80656391,"10/1/2020",2020,1,1,18.2057086
91,"MX",229321409,"10/1/2020",2020,1,1,19.25063511
91,"ID",85845743,"10/1/2020",2020,1,1,18.26806256
91,"IT",113533562,"10/1/2020",2020,1,1,18.54760905
91,"BR",258302586,"10/1/2020",2020,1,1,19.36964227
91,"ES",122314112,"10/1/2020",2020,1,1,18.62210298
91,"TH",25655749,"10/1/2020",2020,1,1,17.06027824
91,"TR",70342467,"10/1/2020",2020,1,1,18.06888626
91,"SE",50286622,"10/1/2020",2020,1,1,17.73324964
92,"US",528418182,"10/8/2020",2020,1,1,20.08539854
92,"DE",180615214,"10/8/2020",2020,1,1,19.01187944
92,"UK",132403343,"10/8/2020",2020,1,1,18.70136345
92,"DK",26291569,"10/8/2020",2020,1,1,17.08475888
92,"IE",14791487,"10/8/2020",2020,1,1,16.50956237
92,"AR",90963639,"10/8/2020",2020,1,1,18.32597041
92,"JP",77574128,"10/8/2020",2020,1,1,18.16674453
92,"FR",119744022,"10/8/2020",2020,1,1,18.60086687
92,"CL",80924725,"10/8/2020",2020,1,1,18.20902996
92,"AU",81104946,"10/8/2020",2020,1,1,18.2112545
92,"MX",224212416,"10/8/2020",2020,1,1,19.22810445
92,"ID",91052769,"10/8/2020",2020,1,1,18.32694978
92,"IT",131622132,"10/8/2020",2020,1,1,18.69544574
92,"BR",255325057,"10/8/2020",2020,1,1,19.35804802
92,"ES",123727999,"10/8/2020",2020,1,1,18.63359616
92,"TH",28420933,"10/8/2020",2020,1,1,17.16263651
92,"TR",72419663,"10/8/2020",2020,1,1,18.09798841
92,"SE",50125818,"10/8/2020",2020,1,1,17.73004676
93,"US",484658769,"10/15/2020",2020,1,1,19.99895563
93,"DE",169673296,"10/15/2020",2020,1,1,18.94938536
93,"UK",133965123,"10/15/2020",2020,1,1,18.71309005
93,"DK",25956491,"10/15/2020",2020,1,1,17.07193227
93,"IE",14851631,"10/15/2020",2020,1,1,16.51362025
93,"AR",93130414,"10/15/2020",2020,1,1,18.34951137
93,"JP",77481073,"10/15/2020",2020,1,1,18.16554425
93,"FR",120693273,"10/15/2020",2020,1,1,18.60876295
93,"CL",82001080,"10/15/2020",2020,1,1,18.22224298
93,"AU",79688860,"10/15/2020",2020,1,1,18.19364036
93,"MX",226612656,"10/15/2020",2020,1,1,19.23875276
93,"ID",88247220,"10/15/2020",2020,1,1,18.29565275
93,"IT",115127046,"10/15/2020",2020,1,1,18.56154682
93,"BR",257697688,"10/15/2020",2020,1,1,19.3672977
93,"ES",126120692,"10/15/2020",2020,1,1,18.65274988
93,"TH",25712744,"10/15/2020",2020,1,1,17.0624973
93,"TR",72773802,"10/15/2020",2020,1,1,18.10286659
93,"SE",47985236,"10/15/2020",2020,1,1,17.68640394
94,"US",462340403,"10/22/2020",2020,1,1,19.95181198
94,"DE",163689310,"10/22/2020",2020,1,1,18.91348074
94,"UK",129033001,"10/22/2020",2020,1,1,18.67557875
94,"DK",24411453,"10/22/2020",2020,1,1,17.01056297
94,"IE",14758922,"10/22/2020",2020,1,1,16.50735834
94,"AR",91331443,"10/22/2020",2020,1,1,18.33000568
94,"JP",78920748,"10/22/2020",2020,1,1,18.18395472
94,"FR",116271460,"10/22/2020",2020,1,1,18.57143819
94,"CL",84147991,"10/22/2020",2020,1,1,18.2480876
94,"AU",79754250,"10/22/2020",2020,1,1,18.19446059
94,"MX",224513036,"10/22/2020",2020,1,1,19.22944433
94,"ID",88564262,"10/22/2020",2020,1,1,18.29923897
94,"IT",110289660,"10/22/2020",2020,1,1,18.51862074
94,"BR",249246020,"10/22/2020",2020,1,1,19.333951
94,"ES",121648805,"10/22/2020",2020,1,1,18.6166488
94,"TH",23775937,"10/22/2020",2020,1,1,16.98418458
94,"TR",73762658,"10/22/2020",2020,1,1,18.11636317
94,"SE",45859806,"10/22/2020",2020,1,1,17.64109961
95,"US",472912457,"10/29/2020",2020,1,1,19.97442085
95,"DE",166364248,"10/29/2020",2020,1,1,18.92969021
95,"UK",133781383,"10/29/2020",2020,1,1,18.71171756
95,"DK",24961063,"10/29/2020",2020,1,1,17.03282769
95,"IE",15020166,"10/29/2020",2020,1,1,16.52490426
95,"AR",90088222,"10/29/2020",2020,1,1,18.31629999
95,"JP",79138700,"10/29/2020",2020,1,1,18.18671257
95,"FR",117775616,"10/29/2020",2020,1,1,18.58429181
95,"CL",84532600,"10/29/2020",2020,1,1,18.25264782
95,"AU",80228883,"10/29/2020",2020,1,1,18.20039415
95,"MX",220136791,"10/29/2020",2020,1,1,19.20975969
95,"ID",90258773,"10/29/2020",2020,1,1,18.31819136
95,"IT",105264181,"10/29/2020",2020,1,1,18.47198376
95,"BR",258918657,"10/29/2020",2020,1,1,19.3720245
95,"ES",122751797,"10/29/2020",2020,1,1,18.62567496
95,"TH",24478929,"10/29/2020",2020,1,1,17.01332326
95,"TR",73836990,"10/29/2020",2020,1,1,18.11737038
95,"SE",46856854,"10/29/2020",2020,1,1,17.66260785
96,"US",509054341,"11/5/2020",2020,1,1,20.04806533
96,"DE",168254289,"11/5/2020",2020,1,1,18.94098702
96,"UK",135176957,"11/5/2020",2020,1,1,18.72209527
96,"DK",24388094,"11/5/2020",2020,1,1,17.00960562
96,"IE",15538852,"11/5/2020",2020,1,1,16.55885403
96,"AR",93897145,"11/5/2020",2020,1,1,18.35771054
96,"JP",79258091,"11/5/2020",2020,1,1,18.18822006
96,"FR",102763795,"11/5/2020",2020,1,1,18.44794366
96,"CL",93229365,"11/5/2020",2020,1,1,18.35057331
96,"AU",84094323,"11/5/2020",2020,1,1,18.24744962
96,"MX",222942122,"11/5/2020",2020,1,1,19.22242275
96,"ID",89323199,"11/5/2020",2020,1,1,18.3077718
96,"IT",103093056,"11/5/2020",2020,1,1,18.45114259
96,"BR",256381516,"11/5/2020",2020,1,1,19.36217719
96,"ES",127519879,"11/5/2020",2020,1,1,18.66378282
96,"TH",23839460,"11/5/2020",2020,1,1,16.98685275
96,"TR",65762410,"11/5/2020",2020,1,1,18.00155896
96,"SE",45219094,"11/5/2020",2020,1,1,17.62702999
97,"US",478296412,"11/12/2020",2020,1,1,19.98574121
97,"DE",159451833,"11/12/2020",2020,1,1,18.88725245
97,"UK",127599185,"11/12/2020",2020,1,1,18.66440454
97,"DK",24052950,"11/12/2020",2020,1,1,16.99576821
97,"IE",15135659,"11/12/2020",2020,1,1,16.53256404
97,"AR",98914694,"11/12/2020",2020,1,1,18.40976836
97,"JP",78819817,"11/12/2020",2020,1,1,18.18267501
97,"FR",99152427,"11/12/2020",2020,1,1,18.41216889
97,"CL",98425517,"11/12/2020",2020,1,1,18.40481065
97,"AU",82363193,"11/12/2020",2020,1,1,18.22664921
97,"MX",235406168,"11/12/2020",2020,1,1,19.27682295
97,"ID",88761401,"11/12/2020",2020,1,1,18.30146244
97,"IT",108416015,"11/12/2020",2020,1,1,18.50148638
97,"BR",253836281,"11/12/2020",2020,1,1,19.35220005
97,"ES",140448981,"11/12/2020",2020,1,1,18.76035486
97,"TH",23726081,"11/12/2020",2020,1,1,16.98208547
97,"TR",66849508,"11/12/2020",2020,1,1,18.0179545
97,"SE",44842996,"11/12/2020",2020,1,1,17.61867797
98,"US",485741831,"11/19/2020",2020,1,1,20.00118783
98,"DE",153964435,"11/19/2020",2020,1,1,18.85223219
98,"UK",127888230,"11/19/2020",2020,1,1,18.66666724
98,"DK",25331543,"11/19/2020",2020,1,1,17.04756094
98,"IE",15039104,"11/19/2020",2020,1,1,16.5261643
98,"AR",98148003,"11/19/2020",2020,1,1,18.40198713
98,"JP",79319264,"11/19/2020",2020,1,1,18.18899158
98,"FR",104452219,"11/19/2020",2020,1,1,18.46424029
98,"CL",93232938,"11/19/2020",2020,1,1,18.35061163
98,"AU",82624512,"11/19/2020",2020,1,1,18.22981695
98,"MX",236795943,"11/19/2020",2020,1,1,19.28270933
98,"ID",87729968,"11/19/2020",2020,1,1,18.28977411
98,"IT",94217684,"11/19/2020",2020,1,1,18.36111845
98,"BR",253277495,"11/19/2020",2020,1,1,19.34999626
98,"ES",136501311,"11/19/2020",2020,1,1,18.73184478
98,"TH",23357109,"11/19/2020",2020,1,1,16.96641195
98,"TR",68598905,"11/19/2020",2020,1,1,18.04378713
98,"SE",46829771,"11/19/2020",2020,1,1,17.66202969
99,"US",504955397,"11/26/2020",2020,1,1,20.03998066
99,"DE",156240814,"11/26/2020",2020,1,1,18.86690905
99,"UK",134584149,"11/26/2020",2020,1,1,18.7177002
99,"DK",27501865,"11/26/2020",2020,1,1,17.12976438
99,"IE",15078797,"11/26/2020",2020,1,1,16.52880014
99,"AR",100678961,"11/26/2020",2020,1,1,18.42744741
99,"JP",82589272,"11/26/2020",2020,1,1,18.22939035
99,"FR",105101882,"11/26/2020",2020,1,1,18.47044074
99,"CL",94403502,"11/26/2020",2020,1,1,18.36308873
99,"AU",82386593,"11/26/2020",2020,1,1,18.22693328
99,"MX",243802035,"11/26/2020",2020,1,1,19.31186712
99,"ID",91226269,"11/26/2020",2020,1,1,18.32885345
99,"IT",133051751,"11/26/2020",2020,1,1,18.70624872
99,"BR",252979840,"11/26/2020",2020,1,1,19.34882036
99,"ES",130368650,"11/26/2020",2020,1,1,18.68587676
99,"TH",24911018,"11/26/2020",2020,1,1,17.03082075
99,"TR",72070757,"11/26/2020",2020,1,1,18.09315893
99,"SE",50173625,"11/26/2020",2020,1,1,17.73100005
100,"US",538276946,"12/3/2020",2020,1,1,20.10388376
100,"DE",175610262,"12/3/2020",2020,1,1,18.98377768
100,"UK",158170310,"12/3/2020",2020,1,1,18.87918292
100,"DK",37159984,"12/3/2020",2020,1,1,17.43074304
100,"IE",16867263,"12/3/2020",2020,1,1,16.6408852
100,"AR",101447638,"12/3/2020",2020,1,1,18.43505334
100,"JP",84637995,"12/3/2020",2020,1,1,18.25389384
100,"FR",108332322,"12/3/2020",2020,1,1,18.50071412
100,"CL",117616252,"12/3/2020",2020,1,1,18.58293778
100,"AU",83716752,"12/3/2020",2020,1,1,18.24294966
100,"MX",284846386,"12/3/2020",2020,1,1,19.4674606
100,"ID",91333316,"12/3/2020",2020,1,1,18.33002619
100,"IT",99366684,"12/3/2020",2020,1,1,18.41432744
100,"BR",268064565,"12/3/2020",2020,1,1,19.40673842
100,"ES",151173167,"12/3/2020",2020,1,1,18.83393654
100,"TH",23835121,"12/3/2020",2020,1,1,16.98667072
100,"TR",74179868,"12/3/2020",2020,1,1,18.12200335
100,"SE",61414009,"12/3/2020",2020,1,1,17.93314853
101,"US",552899195,"12/10/2020",2020,1,1,20.13068626
101,"DE",179695636,"12/10/2020",2020,1,1,19.00677507
101,"UK",173188609,"12/10/2020",2020,1,1,18.96989178
101,"DK",34805101,"12/10/2020",2020,1,1,17.36527451
101,"IE",19353399,"12/10/2020",2020,1,1,16.77837862
101,"AR",108636547,"12/10/2020",2020,1,1,18.50351844
101,"JP",85886951,"12/10/2020",2020,1,1,18.26854247
101,"FR",102586588,"12/10/2020",2020,1,1,18.44621776
101,"CL",102414234,"12/10/2020",2020,1,1,18.44453626
101,"AU",86913719,"12/10/2020",2020,1,1,18.28042645
101,"MX",246023803,"12/10/2020",2020,1,1,19.32093885
101,"ID",89703983,"12/10/2020",2020,1,1,18.31202573
101,"IT",97295707,"12/10/2020",2020,1,1,18.39326542
101,"BR",269341939,"12/10/2020",2020,1,1,19.41149228
101,"ES",132766896,"12/10/2020",2020,1,1,18.70410549
101,"TH",24239856,"12/10/2020",2020,1,1,17.00350878
101,"TR",78275469,"12/10/2020",2020,1,1,18.17574482
101,"SE",65013562,"12/10/2020",2020,1,1,17.99010645
102,"US",691078184,"12/17/2020",2020,1,1,20.35376352
102,"DE",182692492,"12/17/2020",2020,1,1,19.02331493
102,"UK",181637260,"12/17/2020",2020,1,1,19.01752218
102,"DK",32633273,"12/17/2020",2020,1,1,17.30084297
102,"IE",20629786,"12/17/2020",2020,1,1,16.84224651
102,"AR",107594975,"12/17/2020",2020,1,1,18.4938845
102,"JP",84547727,"12/17/2020",2020,1,1,18.25282675
102,"FR",102996612,"12/17/2020",2020,1,1,18.45020665
102,"CL",96525407,"12/17/2020",2020,1,1,18.38531682
102,"AU",90383127,"12/17/2020",2020,1,1,18.31956816
102,"MX",243468210,"12/17/2020",2020,1,1,19.31049694
102,"ID",88768503,"12/17/2020",2020,1,1,18.30154245
102,"IT",96159383,"12/17/2020",2020,1,1,18.38151761
102,"BR",275283872,"12/17/2020",2020,1,1,19.43331339
102,"ES",130023800,"12/17/2020",2020,1,1,18.68322807
102,"TH",25077743,"12/17/2020",2020,1,1,17.03749128
102,"TR",77727032,"12/17/2020",2020,1,1,18.16871366
102,"SE",65123961,"12/17/2020",2020,1,1,17.9918031
103,"US",668955637,"12/24/2020",2020,1,1,20.3212283
103,"DE",245763739,"12/24/2020",2020,1,1,19.31988122
103,"UK",216654747,"12/24/2020",2020,1,1,19.19381562
103,"DK",45987316,"12/24/2020",2020,1,1,17.64387618
103,"IE",24334830,"12/24/2020",2020,1,1,17.00741922
103,"AR",111111929,"12/24/2020",2020,1,1,18.52604862
103,"JP",85145285,"12/24/2020",2020,1,1,18.25986959
103,"FR",123323821,"12/24/2020",2020,1,1,18.63032414
103,"CL",100766832,"12/24/2020",2020,1,1,18.42831981
103,"AU",108786514,"12/24/2020",2020,1,1,18.50489793
103,"MX",247727144,"12/24/2020",2020,1,1,19.32783847
103,"ID",87400154,"12/24/2020",2020,1,1,18.2860076
103,"IT",99826334,"12/24/2020",2020,1,1,18.41894257
103,"BR",307654401,"12/24/2020",2020,1,1,19.54448764
103,"ES",136886154,"12/24/2020",2020,1,1,18.73466015
103,"TH",25671156,"12/24/2020",2020,1,1,17.06087858
103,"TR",75097301,"12/24/2020",2020,1,1,18.13429518
103,"SE",87274502,"12/24/2020",2020,1,1,18.2845689
104,"US",534160756,"12/31/2020",2020,1,1,20.09620739
104,"DE",163852388,"12/31/2020",2020,1,1,18.91447651
104,"UK",160738135,"12/31/2020",2020,1,1,18.89528711
104,"DK",24189926,"12/31/2020",2020,1,1,17.00144682
104,"IE",23936609,"12/31/2020",2020,1,1,16.9909196
104,"AR",114925293,"12/31/2020",2020,1,1,18.55979285
104,"JP",86437792,"12/31/2020",2020,1,1,18.27493555
104,"FR",115763835,"12/31/2020",2020,1,1,18.56706277
104,"CL",94939210,"12/31/2020",2020,1,1,18.36874735
104,"AU",87082242,"12/31/2020",2020,1,1,18.28236354
104,"MX",223014167,"12/31/2020",2020,1,1,19.22274586
104,"ID",84101693,"12/31/2020",2020,1,1,18.24753726
104,"IT",91734089,"12/31/2020",2020,1,1,18.33440461
104,"BR",325902744,"12/31/2020",2020,1,1,19.60210956
104,"ES",124400329,"12/31/2020",2020,1,1,18.63901538
104,"TH",24523334,"12/31/2020",2020,1,1,17.01513563
104,"TR",73236177,"12/31/2020",2020,1,1,18.10920008
104,"SE",62533585,"12/31/2020",2020,1,1,17.95121433
