week,country,streams
1,US,565867144
2,US,590740418
3,US,619020393
4,US,619659923
5,US,615358098
6,US,716584114
7,US,640935925
8,US,622822945
9,US,615062345
10,US,618703991
11,US,576414389
12,US,563431358
13,US,628185651
14,US,625531619
15,US,587668556
16,US,547324285
17,US,550219749
18,US,553511085
19,US,556215354
20,US,594809018
21,US,565269044
22,US,554884764
23,US,543336994
24,US,538497010
25,US,560038228
26,US,564540045
27,US,555189119
28,US,569278289
29,US,539615706
30,US,541287712
31,US,524001236
32,US,511609103
33,US,528764769
34,US,597446028
35,US,561948580
36,US,664539609
37,US,585845785
38,US,553828380
39,US,559568888
40,US,562301733
41,US,540054622
42,US,531194366
43,US,610238936
44,US,542032123
45,US,516717421
46,US,529841383
47,US,541011375
48,US,543290840
49,US,606642693
50,US,658168466
51,US,672197012
52,US,574844991
53,US,567747784
54,US,624461450
55,US,694142362
56,US,614123955
57,US,585855520
58,US,580337820
59,US,599767168
60,US,589157311
61,US,628169377
62,US,689064153
63,US,600129865
64,US,581608040
65,US,529659972
66,US,527477351
67,US,501715463
68,US,512559587
69,US,523669044
70,US,562103719
71,US,525869942
72,US,530462294
73,US,525290485
74,US,510653908
75,US,488858276
76,US,506541660
77,US,486742484
78,US,490281697
79,US,508159115
80,US,634058420
81,US,546694809
82,US,649961369
83,US,549084133
84,US,532915507
85,US,548484195
86,US,526114369
87,US,517944041
88,US,510645981
89,US,498877027
90,US,493231679
91,US,499390376
92,US,528418182
93,US,484658769
94,US,462340403
95,US,472912457
96,US,509054341
97,US,478296412
98,US,485741831
99,US,504955397
100,US,538276946
101,US,552899195
102,US,691078184
103,US,668955637
104,US,534160756
105,US,468886962
106,US,510402651
107,US,511205405
108,US,480615911
109,US,466595820
110,US,465262175
111,US,456549176
112,US,452340337
113,US,455536015
114,US,494633681
115,US,472430774
116,US,510854421
117,US,503578101
118,US,502753416
119,US,531838326
120,US,522349888
121,US,489615529
122,US,490798855
123,US,490500543
124,US,588331420
125,US,634013600
126,US,576000050
127,US,547469951
128,US,540664919
129,US,523346258
130,US,555848799
131,US,526067747
132,US,519811802
133,US,504944946
134,US,511536571
135,US,512443919
136,US,499629457
137,US,487139807
138,US,482900820
139,US,580697845
140,US,714157262
141,US,555378397
142,US,548603943
143,US,512975960
144,US,482587851
145,US,463936004
146,US,478018171
147,US,477315859
148,US,460467002
149,US,469450537
150,US,562230181
151,US,573572149
152,US,511043795
153,US,530653815
154,US,575397016
155,US,607470933
156,US,563182324
157,US,481581084
158,US,479173217
159,US,493722833
160,US,470747701
161,US,470768318
162,US,478602406
163,US,479727029
164,US,485604144
165,US,463410800
166,US,460309304
167,US,456786521
168,US,451916381
169,US,445234080
170,US,473147335
1,DE,386237309
2,DE,144218701
3,DE,157989437
4,DE,158869053
5,DE,155898710
6,DE,164623420
7,DE,166236205
8,DE,164865553
9,DE,154974141
10,DE,157187736
11,DE,181926933
12,DE,196475946
13,DE,187540428
14,DE,190086543
15,DE,184572050
16,DE,193639362
17,DE,177623392
18,DE,172711042
19,DE,177396932
20,DE,186162246
21,DE,193807572
22,DE,193155952
23,DE,188062919
24,DE,191944534
25,DE,203690759
26,DE,206094549
27,DE,206317087
28,DE,191354874
29,DE,204656992
30,DE,181702042
31,DE,177629433
32,DE,175061209
33,DE,175824454
34,DE,165404943
35,DE,178220147
36,DE,184390627
37,DE,185704242
38,DE,189186574
39,DE,205590141
40,DE,211030431
41,DE,202354644
42,DE,197269848
43,DE,197691282
44,DE,211714923
45,DE,197591774
46,DE,192875229
47,DE,185332613
48,DE,180640856
49,DE,201142326
50,DE,214651769
51,DE,205269921
52,DE,259673782
53,DE,179741922
54,DE,167930667
55,DE,187698798
56,DE,197785752
57,DE,198558864
58,DE,194086867
59,DE,189926545
60,DE,202207245
61,DE,181892771
62,DE,186992667
63,DE,185793617
64,DE,183492699
65,DE,168855311
66,DE,178960555
67,DE,182162353
68,DE,171227071
69,DE,181335260
70,DE,187720812
71,DE,179881387
72,DE,188612437
73,DE,192780152
74,DE,187979576
75,DE,208061509
76,DE,199843549
77,DE,186025639
78,DE,203279011
79,DE,192366112
80,DE,195751673
81,DE,192479930
82,DE,192863346
83,DE,203052960
84,DE,211531517
85,DE,200433784
86,DE,189428510
87,DE,188070047
88,DE,184543034
89,DE,189698693
90,DE,200724854
91,DE,195129642
92,DE,186669093
93,DE,180615214
94,DE,169673296
95,DE,163689310
96,DE,166364248
97,DE,168254289
98,DE,159451833
99,DE,153964435
100,DE,156240814
101,DE,175610262
102,DE,179695636
103,DE,182692492
104,DE,245763739
105,DE,163852388
106,DE,138322729
107,DE,141189366
108,DE,150942188
109,DE,150516581
110,DE,146761234
111,DE,141088409
112,DE,142542529
113,DE,160322965
114,DE,155709787
115,DE,159311090
116,DE,154505132
117,DE,157575047
118,DE,168386791
119,DE,152765104
120,DE,158268153
121,DE,156743587
122,DE,155152959
123,DE,160999851
124,DE,163452010
125,DE,161449738
126,DE,158850130
127,DE,171656966
128,DE,164264423
129,DE,162030582
130,DE,158823637
131,DE,164171801
132,DE,171874759
133,DE,163017097
134,DE,165087467
135,DE,164548356
136,DE,157610673
137,DE,158815652
138,DE,159438494
139,DE,159183820
140,DE,159484642
141,DE,167426906
142,DE,167521179
143,DE,162868650
144,DE,163097791
145,DE,161696530
146,DE,159021576
147,DE,160669990
148,DE,155409287
149,DE,161015717
150,DE,157958824
151,DE,154100082
152,DE,164293997
153,DE,181173768
154,DE,186417666
155,DE,183887411
156,DE,209669094
157,DE,219204576
158,DE,172105171
159,DE,143270208
160,DE,145806976
161,DE,139372969
162,DE,140396624
163,DE,141962980
164,DE,141661555
165,DE,142807813
166,DE,139819392
167,DE,140612681
168,DE,137818224
169,DE,137518993
170,DE,136794745
1,UK,139008468
2,UK,134834014
3,UK,132826100
4,UK,141235659
5,UK,141242054
6,UK,142416766
7,UK,160302939
8,UK,152041697
9,UK,148772970
10,UK,144706228
11,UK,146312494
12,UK,142217915
13,UK,140815355
14,UK,147833766
15,UK,148555863
16,UK,150513151
17,UK,150753952
18,UK,150745959
19,UK,149927326
20,UK,152830027
21,UK,157307506
22,UK,159282872
23,UK,148252956
24,UK,143826353
25,UK,142599493
26,UK,145240157
27,UK,151909573
28,UK,155079251
29,UK,164356433
30,UK,163056782
31,UK,156012345
32,UK,147922999
33,UK,144652436
34,UK,138152365
35,UK,140652773
36,UK,146229478
37,UK,145091583
38,UK,153823264
39,UK,148601404
40,UK,141070939
41,UK,143969448
42,UK,142016186
43,UK,140033671
44,UK,137071934
45,UK,145064265
46,UK,136797799
47,UK,142116974
48,UK,145025714
49,UK,147737521
50,UK,164967883
51,UK,174961620
52,UK,204268625
53,UK,226974653
54,UK,135303409
55,UK,140245531
56,UK,148524481
57,UK,161460663
58,UK,159276981
59,UK,147504223
60,UK,141891214
61,UK,151628178
62,UK,145174016
63,UK,142761217
64,UK,143909204
65,UK,133714032
66,UK,140163313
67,UK,134606306
68,UK,138959727
69,UK,135823543
70,UK,132313852
71,UK,131869197
72,UK,135999683
73,UK,127191483
74,UK,129402900
75,UK,141176298
76,UK,141448746
77,UK,120161765
78,UK,124679143
79,UK,128870127
80,UK,122205800
81,UK,131931971
82,UK,141708186
83,UK,137298039
84,UK,149463681
85,UK,137995979
86,UK,137630804
87,UK,133296283
88,UK,132844579
89,UK,134034332
90,UK,130652254
91,UK,133184372
92,UK,132978644
93,UK,132548695
94,UK,132403343
95,UK,133965123
96,UK,129033001
97,UK,133781383
98,UK,135176957
99,UK,127599185
100,UK,127888230
101,UK,134584149
102,UK,158170310
103,UK,173188609
104,UK,181637260
105,UK,216654747
106,UK,160738135
107,UK,108948054
108,UK,115760002
109,UK,120660191
110,UK,116143230
111,UK,118147279
112,UK,113983939
113,UK,119036937
114,UK,116538331
115,UK,118407318
116,UK,119247918
117,UK,121469550
118,UK,129911135
119,UK,133118436
120,UK,133094460
121,UK,138123346
122,UK,135106953
123,UK,133750852
124,UK,132034307
125,UK,130567317
126,UK,140879527
127,UK,150023495
128,UK,149750650
129,UK,143325119
130,UK,138693635
131,UK,132658791
132,UK,139960967
133,UK,137971166
134,UK,140717420
135,UK,145752859
136,UK,155155968
137,UK,140199719
138,UK,131960873
139,UK,129528700
140,UK,128579987
141,UK,135279336
142,UK,160418887
143,UK,136475367
144,UK,134960115
145,UK,129494533
146,UK,124194870
147,UK,125814032
148,UK,142909317
149,UK,133484375
150,UK,135160495
151,UK,130740931
152,UK,140258120
153,UK,158578165
154,UK,153850176
155,UK,168012383
156,UK,175557890
157,UK,200311965
158,UK,195981163
159,UK,122981887
160,UK,124676280
161,UK,125053917
162,UK,126334011
163,UK,126723300
164,UK,128847979
165,UK,129430616
166,UK,126168343
167,UK,122739473
168,UK,126653775
169,UK,129231122
170,UK,129153714
1,DK,127505506
2,DK,128166500
3,DK,62098286
4,DK,24777003
5,DK,25028232
6,DK,24107420
7,DK,23928862
8,DK,24537476
9,DK,24404013
10,DK,24394407
11,DK,24141087
12,DK,23557635
13,DK,24251226
14,DK,23616585
15,DK,24178548
16,DK,25485410
17,DK,25948475
18,DK,24816348
19,DK,25694061
20,DK,26068193
21,DK,26618436
22,DK,27271308
23,DK,27234001
24,DK,26186737
25,DK,26100540
26,DK,27334642
27,DK,28521123
28,DK,27887103
29,DK,27024351
30,DK,29529165
31,DK,27933725
32,DK,26173627
33,DK,25591243
34,DK,25016529
35,DK,24729689
36,DK,24769741
37,DK,25015569
38,DK,27429974
39,DK,27591020
40,DK,26408286
41,DK,25900192
42,DK,26637591
43,DK,26564603
44,DK,25509011
45,DK,25537284
46,DK,26632986
47,DK,25347731
48,DK,26461916
49,DK,27425449
50,DK,31174133
51,DK,32299304
52,DK,31994014
53,DK,35983896
54,DK,35045391
55,DK,25819589
56,DK,26300788
57,DK,26764962
58,DK,27243433
59,DK,26295894
60,DK,27623725
61,DK,27320446
62,DK,28123688
63,DK,25928826
64,DK,24907311
65,DK,24500770
66,DK,24206862
67,DK,24573890
68,DK,24645260
69,DK,23984878
70,DK,23076095
71,DK,25013417
72,DK,25517036
73,DK,25593888
74,DK,25885301
75,DK,27018183
76,DK,26441510
77,DK,26450715
78,DK,25573068
79,DK,26687405
80,DK,26836910
81,DK,25368308
82,DK,25140396
83,DK,25049025
84,DK,24898816
85,DK,24669784
86,DK,27951502
87,DK,27105673
88,DK,27419083
89,DK,27315445
90,DK,27703160
91,DK,27329070
92,DK,26659088
93,DK,27495937
94,DK,26876623
95,DK,26291569
96,DK,25956491
97,DK,24411453
98,DK,24961063
99,DK,24388094
100,DK,24052950
101,DK,25331543
102,DK,27501865
103,DK,37159984
104,DK,34805101
105,DK,32633273
106,DK,45987316
107,DK,24189926
108,DK,21293016
109,DK,21558400
110,DK,21270808
111,DK,21384637
112,DK,20248057
113,DK,21151127
114,DK,21406748
115,DK,21443991
116,DK,21710641
117,DK,23288033
118,DK,22045257
119,DK,25261711
120,DK,24700179
121,DK,22764141
122,DK,24084462
123,DK,24448114
124,DK,23601704
125,DK,22986668
126,DK,24700125
127,DK,24243716
128,DK,24504741
129,DK,26667517
130,DK,26252060
131,DK,24549364
132,DK,26329881
133,DK,26691152
134,DK,26698236
135,DK,24037948
136,DK,23377365
137,DK,22396945
138,DK,22250841
139,DK,21755943
140,DK,21300332
141,DK,22035369
142,DK,24030853
143,DK,24393166
144,DK,23122729
145,DK,23101926
146,DK,23357497
147,DK,22303120
148,DK,22278346
149,DK,22857256
150,DK,22075357
151,DK,22649537
152,DK,22455365
153,DK,22564617
154,DK,25183260
155,DK,33240367
156,DK,32739953
157,DK,31098048
158,DK,36634076
159,DK,28823098
160,DK,23127057
161,DK,23490328
162,DK,25212206
163,DK,23129391
164,DK,22697401
165,DK,22237623
166,DK,22371975
167,DK,22888468
168,DK,23126865
169,DK,22963754
170,DK,22020424
1,IE,21344961
2,IE,21220037
3,IE,20969019
4,IE,16122447
5,IE,15363227
6,IE,16345920
7,IE,16409636
8,IE,16758263
9,IE,19139660
10,IE,18447668
11,IE,17391742
12,IE,16708961
13,IE,16438743
14,IE,15786789
15,IE,15968594
16,IE,17780507
17,IE,17688090
18,IE,18587221
19,IE,18506159
20,IE,17203949
21,IE,17911677
22,IE,18370785
23,IE,19692576
24,IE,18548849
25,IE,17328397
26,IE,16375908
27,IE,16754646
28,IE,17776057
29,IE,18187451
30,IE,17866802
31,IE,18992751
32,IE,17730380
33,IE,17206495
34,IE,16772303
35,IE,16253048
36,IE,16187336
37,IE,16900949
38,IE,16551648
39,IE,17925579
40,IE,18029258
41,IE,17022060
42,IE,16695448
43,IE,18660398
44,IE,17528304
45,IE,16887606
46,IE,17769197
47,IE,17401579
48,IE,16750501
49,IE,17219807
50,IE,17578980
51,IE,17703219
52,IE,18510427
53,IE,20735743
54,IE,24215795
55,IE,19733258
56,IE,16460952
57,IE,17020434
58,IE,17735146
59,IE,17955591
60,IE,17412831
61,IE,17081792
62,IE,17674542
63,IE,17421076
64,IE,16885632
65,IE,16521061
66,IE,17251811
67,IE,17473655
68,IE,17562251
69,IE,17578913
70,IE,17455309
71,IE,16579235
72,IE,16558337
73,IE,16369019
74,IE,16999249
75,IE,16281338
76,IE,16794204
77,IE,17782298
78,IE,16907999
79,IE,15552864
80,IE,15704843
81,IE,15860464
82,IE,15667622
83,IE,16698277
84,IE,17388099
85,IE,17570077
86,IE,17307964
87,IE,16773744
88,IE,16706181
89,IE,16468880
90,IE,16030184
91,IE,15517087
92,IE,15373919
93,IE,15425172
94,IE,15255195
95,IE,14791487
96,IE,14851631
97,IE,14758922
98,IE,15020166
99,IE,15538852
100,IE,15135659
101,IE,15039104
102,IE,15078797
103,IE,16867263
104,IE,19353399
105,IE,20629786
106,IE,24334830
107,IE,23936609
108,IE,17942625
109,IE,15259764
110,IE,16078834
111,IE,15673120
112,IE,15025493
113,IE,14880860
114,IE,14680261
115,IE,14833582
116,IE,14515546
117,IE,14634448
118,IE,14712522
119,IE,14819030
120,IE,15102510
121,IE,16155328
122,IE,16574947
123,IE,16386195
124,IE,16184390
125,IE,16743470
126,IE,16262998
127,IE,15654948
128,IE,17019757
129,IE,19270115
130,IE,19415134
131,IE,17893186
132,IE,16954791
133,IE,16353441
134,IE,17866202
135,IE,17012373
136,IE,17401227
137,IE,19182396
138,IE,18416869
139,IE,17326654
140,IE,16688153
141,IE,16502863
142,IE,16708735
143,IE,17695915
144,IE,18278029
145,IE,15981760
146,IE,16469579
147,IE,15668120
148,IE,15182692
149,IE,15321997
150,IE,17521870
151,IE,16460074
152,IE,15775487
153,IE,15270852
154,IE,16881463
155,IE,17684400
156,IE,17454050
157,IE,19166887
158,IE,20187171
159,IE,24438270
160,IE,22081743
161,IE,13339371
162,IE,14326489
163,IE,14169998
164,IE,14456940
165,IE,14346028
166,IE,14197448
167,IE,14219668
168,IE,14232146
169,IE,13639261
170,IE,13805047
1,AR,13953303
2,AR,13472429
3,AR,14135977
4,AR,14427730
5,AR,62097304
6,AR,68911158
7,AR,71072342
8,AR,70523875
9,AR,71244877
10,AR,71324689
11,AR,73091546
12,AR,67884815
13,AR,67998472
14,AR,62421441
15,AR,63420770
16,AR,65192629
17,AR,67941834
18,AR,69478270
19,AR,71253001
20,AR,65145990
21,AR,63139752
22,AR,63527670
23,AR,69652189
24,AR,70549786
25,AR,71066873
26,AR,69920071
27,AR,74197605
28,AR,68838692
29,AR,69093451
30,AR,69224509
31,AR,69713310
32,AR,72586193
33,AR,73036084
34,AR,74826794
35,AR,77049839
36,AR,80632040
37,AR,85019480
38,AR,86121727
39,AR,83410636
40,AR,86533177
41,AR,89119679
42,AR,88605906
43,AR,87003960
44,AR,90436438
45,AR,86111871
46,AR,88061548
47,AR,89537708
48,AR,88319637
49,AR,87454150
50,AR,87347374
51,AR,84932567
52,AR,84668896
53,AR,83920832
54,AR,83777866
55,AR,90201121
56,AR,90691136
57,AR,87536858
58,AR,89744373
59,AR,92527856
60,AR,90853849
61,AR,89095480
62,AR,85292487
63,AR,83588902
64,AR,83260157
65,AR,84724481
66,AR,84156195
67,AR,78108614
68,AR,70111351
69,AR,68594650
70,AR,67401905
71,AR,67916210
72,AR,69205278
73,AR,66613030
74,AR,63787815
75,AR,64909499
76,AR,67814607
77,AR,68668632
78,AR,66592080
79,AR,67562300
80,AR,69156724
81,AR,67873005
82,AR,65542524
83,AR,66737666
84,AR,70042398
85,AR,76331079
86,AR,80254789
87,AR,83177216
88,AR,80534115
89,AR,79153397
90,AR,86821245
91,AR,88530090
92,AR,91836374
93,AR,94027464
94,AR,94495047
95,AR,93731360
96,AR,90963639
97,AR,93130414
98,AR,91331443
99,AR,90088222
100,AR,93897145
101,AR,98914694
102,AR,98148003
103,AR,100678961
104,AR,101447638
105,AR,108636547
106,AR,107594975
107,AR,111111929
108,AR,114925293
109,AR,108682422
110,AR,104443530
111,AR,105754847
112,AR,106327750
113,AR,100074406
114,AR,96515900
115,AR,96920678
116,AR,94371444
117,AR,92366552
118,AR,95171848
119,AR,95597893
120,AR,92461344
121,AR,91367963
122,AR,90753606
123,AR,87415952
124,AR,83488927
125,AR,84337210
126,AR,94883525
127,AR,93927726
128,AR,93548421
129,AR,89454506
130,AR,92457288
131,AR,97247362
132,AR,98778100
133,AR,96574560
134,AR,98944254
135,AR,104400250
136,AR,105278485
137,AR,108629059
138,AR,109471814
139,AR,108473060
140,AR,108992127
141,AR,109277508
142,AR,110806456
143,AR,111005554
144,AR,112226031
145,AR,108386991
146,AR,109302068
147,AR,109192041
148,AR,105329297
149,AR,105695169
150,AR,103059409
151,AR,108287057
152,AR,110253958
153,AR,105514161
154,AR,106131127
155,AR,109396230
156,AR,114578453
157,AR,110367745
158,AR,109077926
159,AR,106942833
160,AR,115244237
161,AR,119619489
162,AR,115740880
163,AR,115171613
164,AR,108533489
165,AR,106551696
166,AR,112582790
167,AR,110927404
168,AR,113802717
169,AR,111606552
170,AR,109064064
1,JP,103163541
2,JP,105614723
3,JP,100046562
4,JP,103070952
5,JP,103123793
6,JP,20638109
7,JP,16409751
8,JP,17059886
9,JP,16739861
10,JP,17146288
11,JP,17594105
12,JP,19315016
13,JP,19015562
14,JP,18375270
15,JP,18194423
16,JP,18347430
17,JP,18474115
18,JP,18380288
19,JP,19193897
20,JP,20323115
21,JP,20286170
22,JP,20438743
23,JP,20136248
24,JP,20646776
25,JP,20740875
26,JP,20705513
27,JP,20881549
28,JP,22060191
29,JP,23587995
30,JP,24946126
31,JP,25547310
32,JP,25487411
33,JP,26469927
34,JP,26808164
35,JP,27169853
36,JP,27588295
37,JP,27698569
38,JP,27346010
39,JP,27655440
40,JP,28485651
41,JP,29054713
42,JP,32168120
43,JP,31429398
44,JP,31384159
45,JP,32426979
46,JP,32075324
47,JP,33602253
48,JP,33285986
49,JP,34287962
50,JP,34490808
51,JP,34813447
52,JP,35084827
53,JP,36980212
54,JP,37510285
55,JP,38343675
56,JP,39951866
57,JP,39454833
58,JP,40942134
59,JP,43156079
60,JP,46426032
61,JP,45487577
62,JP,44844521
63,JP,46144661
64,JP,47915074
65,JP,49334051
66,JP,48026157
67,JP,48585973
68,JP,48906054
69,JP,49832243
70,JP,47957124
71,JP,47781598
72,JP,48371476
73,JP,48573709
74,JP,49760688
75,JP,49738680
76,JP,50034424
77,JP,51179119
78,JP,53418488
79,JP,54535511
80,JP,56036637
81,JP,56089813
82,JP,57916591
83,JP,59525059
84,JP,61115502
85,JP,62664677
86,JP,62837010
87,JP,66029723
88,JP,68770205
89,JP,77577891
90,JP,75074618
91,JP,74368738
92,JP,74904782
93,JP,74007422
94,JP,75571977
95,JP,78882041
96,JP,78170259
97,JP,77574128
98,JP,77481073
99,JP,78920748
100,JP,79138700
101,JP,79258091
102,JP,78819817
103,JP,79319264
104,JP,82589272
105,JP,84637995
106,JP,85886951
107,JP,84547727
108,JP,85145285
109,JP,86437792
110,JP,79249471
111,JP,80075397
112,JP,84829610
113,JP,87815475
114,JP,88163711
115,JP,88878062
116,JP,89791130
117,JP,91936745
118,JP,91718882
119,JP,91370502
120,JP,92278710
121,JP,91703778
122,JP,93056733
123,JP,93663833
124,JP,91442035
125,JP,88256511
126,JP,87871764
127,JP,90277762
128,JP,89274436
129,JP,88939674
130,JP,92033223
131,JP,94238295
132,JP,93213148
133,JP,90982316
134,JP,91314619
135,JP,92463411
136,JP,91288313
137,JP,91288876
138,JP,92171011
139,JP,89052918
140,JP,85303530
141,JP,84305776
142,JP,83329988
143,JP,83972095
144,JP,83809573
145,JP,83142392
146,JP,83026857
147,JP,85537441
148,JP,85457905
149,JP,84079937
150,JP,84166864
151,JP,82879693
152,JP,82525346
153,JP,82515864
154,JP,82559048
155,JP,83127155
156,JP,85649446
157,JP,87342424
158,JP,86743530
159,JP,90812810
160,JP,90114651
161,JP,92113430
162,JP,93982470
163,JP,87044973
164,JP,91877273
165,JP,90193684
166,JP,90553903
167,JP,89792535
168,JP,89199555
169,JP,91131105
170,JP,88881675
1,FR,88516107
2,FR,87023681
3,FR,88618948
4,FR,87151231
5,FR,87363423
6,FR,85373877
7,FR,79436336
8,FR,82871913
9,FR,87308575
10,FR,97144086
11,FR,93222970
12,FR,96631670
13,FR,89630481
14,FR,95298123
15,FR,94666176
16,FR,93179455
17,FR,91359493
18,FR,152151994
19,FR,124191534
20,FR,158424971
21,FR,120177541
22,FR,108517184
23,FR,98141769
24,FR,91889043
25,FR,91781580
26,FR,92205913
27,FR,93784271
28,FR,93971289
29,FR,131027277
30,FR,125624033
31,FR,123184211
32,FR,110260724
33,FR,109472114
34,FR,101720396
35,FR,96708204
36,FR,95139287
37,FR,95578944
38,FR,90945547
39,FR,91539327
40,FR,100593861
41,FR,94950303
42,FR,119693786
43,FR,116687606
44,FR,105509101
45,FR,104690821
46,FR,113490367
47,FR,126726271
48,FR,115832635
49,FR,112589344
50,FR,102181124
51,FR,109658445
52,FR,109659018
53,FR,108064137
54,FR,121701768
55,FR,111842499
56,FR,112962590
57,FR,118654937
58,FR,112789328
59,FR,105799192
60,FR,111247081
61,FR,144391981
62,FR,129755406
63,FR,137289542
64,FR,122016932
65,FR,116685936
66,FR,113983026
67,FR,117969497
68,FR,139110744
69,FR,123033140
70,FR,106125076
71,FR,101339064
72,FR,102185001
73,FR,97471694
74,FR,93511334
75,FR,89633620
76,FR,86342579
77,FR,91101000
78,FR,99938475
79,FR,102199526
80,FR,106325904
81,FR,108283301
82,FR,112332156
83,FR,123199018
84,FR,116867603
85,FR,117838052
86,FR,122073532
87,FR,122274134
88,FR,118927260
89,FR,117214272
90,FR,110977532
91,FR,109453407
92,FR,113324174
93,FR,132849500
94,FR,126129135
95,FR,133004984
96,FR,152249999
97,FR,129892263
98,FR,119744022
99,FR,120693273
100,FR,116271460
101,FR,117775616
102,FR,102763795
103,FR,99152427
104,FR,104452219
105,FR,105101882
106,FR,108332322
107,FR,102586588
108,FR,102996612
109,FR,123323821
110,FR,115763835
111,FR,98178871
112,FR,97740106
113,FR,99518408
114,FR,96181455
115,FR,95779473
116,FR,96089328
117,FR,94839917
118,FR,96502447
119,FR,101560886
120,FR,122180592
121,FR,106604104
122,FR,133188152
123,FR,119506554
124,FR,116875133
125,FR,110202165
126,FR,103734377
127,FR,107192523
128,FR,119084766
129,FR,111609606
130,FR,104771468
131,FR,105506351
132,FR,112952363
133,FR,119340857
134,FR,119708895
135,FR,111637557
136,FR,114962836
137,FR,113698271
138,FR,111827741
139,FR,117305463
140,FR,114099591
141,FR,107423798
142,FR,103368246
143,FR,102042528
144,FR,103038411
145,FR,104779588
146,FR,107869276
147,FR,109911183
148,FR,111832380
149,FR,109771920
150,FR,104180164
151,FR,102498033
152,FR,105627077
153,FR,110858988
154,FR,107497675
155,FR,114875530
156,FR,123078361
157,FR,149305362
158,FR,135263310
159,FR,163450032
160,FR,141794871
161,FR,138223752
162,FR,126631709
163,FR,120835191
164,FR,117238156
165,FR,119711083
166,FR,113454818
167,FR,114925205
168,FR,127174374
169,FR,119694643
170,FR,113674832
1,CL,108173284
2,CL,108554366
3,CL,112749939
4,CL,108137396
5,CL,111476872
6,CL,103394134
7,CL,98491139
8,CL,72753696
9,CL,74270946
10,CL,74328310
11,CL,74782480
12,CL,73359977
13,CL,71288018
14,CL,70477779
15,CL,70237130
16,CL,76378832
17,CL,77040922
18,CL,82172139
19,CL,82801579
20,CL,81165001
21,CL,79939924
22,CL,77565629
23,CL,73909018
24,CL,76193450
25,CL,79096076
26,CL,78403555
27,CL,75574075
28,CL,78409565
29,CL,79395776
30,CL,76664059
31,CL,72876394
32,CL,73090755
33,CL,75014035
34,CL,75065664
35,CL,73930797
36,CL,74410249
37,CL,78173023
38,CL,80579891
39,CL,80755781
40,CL,75453867
41,CL,80626906
42,CL,80745737
43,CL,81005821
44,CL,79801849
45,CL,76566328
46,CL,80596821
47,CL,80387478
48,CL,81890065
49,CL,60227375
50,CL,71388135
51,CL,74865642
52,CL,76762740
53,CL,81847418
54,CL,82502504
55,CL,84520357
56,CL,83176168
57,CL,83129383
58,CL,83467538
59,CL,83364000
60,CL,80452144
61,CL,85422677
62,CL,87111154
63,CL,85449805
64,CL,84467786
65,CL,84998846
66,CL,84020666
67,CL,80428590
68,CL,107265578
69,CL,109468237
70,CL,92601378
71,CL,76017988
72,CL,72831131
73,CL,69832823
74,CL,66608656
75,CL,67950313
76,CL,66380802
77,CL,64750205
78,CL,71615676
79,CL,64902666
80,CL,62954636
81,CL,65197917
82,CL,60389002
83,CL,59049710
84,CL,56983393
85,CL,56816508
86,CL,58054083
87,CL,61055584
88,CL,60141640
89,CL,62735632
90,CL,64921882
91,CL,65201580
92,CL,66258230
93,CL,71638398
94,CL,75077391
95,CL,76744306
96,CL,81910266
97,CL,76744216
98,CL,80394579
99,CL,80924725
100,CL,82001080
101,CL,84147991
102,CL,84532600
103,CL,93229365
104,CL,98425517
105,CL,93232938
106,CL,94403502
107,CL,117616252
108,CL,102414234
109,CL,96525407
110,CL,100766832
111,CL,94939210
112,CL,87854241
113,CL,89734461
114,CL,88891480
115,CL,88473829
116,CL,82957832
117,CL,83114755
118,CL,83764568
119,CL,85741750
120,CL,85180070
121,CL,83098264
122,CL,79772898
123,CL,79063501
124,CL,76300027
125,CL,71602625
126,CL,72404634
127,CL,71316988
128,CL,72541926
129,CL,74188694
130,CL,76807947
131,CL,77547586
132,CL,78920965
133,CL,83535497
134,CL,88157571
135,CL,84130619
136,CL,78288407
137,CL,79909150
138,CL,82456157
139,CL,86076340
140,CL,86685807
141,CL,88177814
142,CL,92085957
143,CL,93358107
144,CL,90125757
145,CL,87785565
146,CL,90228980
147,CL,88609057
148,CL,89058758
149,CL,85672312
150,CL,89617184
151,CL,89833198
152,CL,88924321
153,CL,86501882
154,CL,85633958
155,CL,85449214
156,CL,86136336
157,CL,86052536
158,CL,86368173
159,CL,85709689
160,CL,86833565
161,CL,86247330
162,CL,88650329
163,CL,86911695
164,CL,85358201
165,CL,88005154
166,CL,85347540
167,CL,84258942
168,CL,84348421
169,CL,84817445
170,CL,87215731
1,AU,89285066
2,AU,88897945
3,AU,89651472
4,AU,90596704
5,AU,93368619
6,AU,100970617
7,AU,107859437
8,AU,82400079
9,AU,80289642
10,AU,84283982
11,AU,84977329
12,AU,86965746
13,AU,92836710
14,AU,90417268
15,AU,87805746
16,AU,85770144
17,AU,84153818
18,AU,82082466
19,AU,80640067
20,AU,85561538
21,AU,84969341
22,AU,84250998
23,AU,78268892
24,AU,77068976
25,AU,80785097
26,AU,82372623
27,AU,81053838
28,AU,83797789
29,AU,80101713
30,AU,77585404
31,AU,77147345
32,AU,78816487
33,AU,79566510
34,AU,80989100
35,AU,81704779
36,AU,82932305
37,AU,82890837
38,AU,83730864
39,AU,82502400
40,AU,81513642
41,AU,82793686
42,AU,87184541
43,AU,86410939
44,AU,88409752
45,AU,84441877
46,AU,82255793
47,AU,83625380
48,AU,84113912
49,AU,84475669
50,AU,86224153
51,AU,89530197
52,AU,85470667
53,AU,84878905
54,AU,84881489
55,AU,83882692
56,AU,83496758
57,AU,89515802
58,AU,94318805
59,AU,109602347
60,AU,83012306
61,AU,84943962
62,AU,89125602
63,AU,93220359
64,AU,90002994
65,AU,88099861
66,AU,89220958
67,AU,92142433
68,AU,89530817
69,AU,88876465
70,AU,85913393
71,AU,85545229
72,AU,89406852
73,AU,87030245
74,AU,84193254
75,AU,82085041
76,AU,81964517
77,AU,81657273
78,AU,81358748
79,AU,81494449
80,AU,81620382
81,AU,80431036
82,AU,81089521
83,AU,78248781
84,AU,79428456
85,AU,77896437
86,AU,78628981
87,AU,78928023
88,AU,81418728
89,AU,77925779
90,AU,86868531
91,AU,79595738
92,AU,77717328
93,AU,79656754
94,AU,79514549
95,AU,81671809
96,AU,81271351
97,AU,81134397
98,AU,80816384
99,AU,80656391
100,AU,81104946
101,AU,79688860
102,AU,79754250
103,AU,80228883
104,AU,84094323
105,AU,82363193
106,AU,82624512
107,AU,82386593
108,AU,83716752
109,AU,86913719
110,AU,90383127
111,AU,108786514
112,AU,87082242
113,AU,76664273
114,AU,81998649
115,AU,84104656
116,AU,84161882
117,AU,81235101
118,AU,81292601
119,AU,82663761
120,AU,81384465
121,AU,80816424
122,AU,81016503
123,AU,79789466
124,AU,81540407
125,AU,81573244
126,AU,79814246
127,AU,80900483
128,AU,78737604
129,AU,77314674
130,AU,78541153
131,AU,78631460
132,AU,82312803
133,AU,87267868
134,AU,82433421
135,AU,77991888
136,AU,76059591
137,AU,74643788
138,AU,75580402
139,AU,74824832
140,AU,76633917
141,AU,75460098
142,AU,75657871
143,AU,76944021
144,AU,76371741
145,AU,77002271
146,AU,76730953
147,AU,86025188
148,AU,90721878
149,AU,78993889
150,AU,78864697
151,AU,76071535
152,AU,75314255
153,AU,74925363
154,AU,79612251
155,AU,80550441
156,AU,79589434
157,AU,78231240
158,AU,82961791
159,AU,84595641
160,AU,80814371
161,AU,81128931
162,AU,83023401
163,AU,90745427
164,AU,97287081
165,AU,76824309
166,AU,73251879
167,AU,72066857
168,AU,74855728
169,AU,72922526
170,AU,72947982
1,MX,73161381
2,MX,72483865
3,MX,68703184
4,MX,68418263
5,MX,68385237
6,MX,67866228
7,MX,66398966
8,MX,68546175
9,MX,125346513
10,MX,151244008
11,MX,162048435
12,MX,164048263
13,MX,166963200
14,MX,169652271
15,MX,174310686
16,MX,174649509
17,MX,176893838
18,MX,176995751
19,MX,172560682
20,MX,170908399
21,MX,172622082
22,MX,172535100
23,MX,171476906
24,MX,162511855
25,MX,158831621
26,MX,159603379
27,MX,164201359
28,MX,167665803
29,MX,172729817
30,MX,172728107
31,MX,174215747
32,MX,172349495
33,MX,174451901
34,MX,180701295
35,MX,178900598
36,MX,176594747
37,MX,176038140
38,MX,180020342
39,MX,178728536
40,MX,181283388
41,MX,185323658
42,MX,186623397
43,MX,184216866
44,MX,187343186
45,MX,188849445
46,MX,185916422
47,MX,184609281
48,MX,184841980
49,MX,182202931
50,MX,183698127
51,MX,186864618
52,MX,183927624
53,MX,184063982
54,MX,188979268
55,MX,199204079
56,MX,204314795
57,MX,203206645
58,MX,207282545
59,MX,206198761
60,MX,206415188
61,MX,202024183
62,MX,212160267
63,MX,225414005
64,MX,225280228
65,MX,221655439
66,MX,222465296
67,MX,233620899
68,MX,232479168
69,MX,276126849
70,MX,292506057
71,MX,269269285
72,MX,255784738
73,MX,252058022
74,MX,231136112
75,MX,212986908
76,MX,206352012
77,MX,210707131
78,MX,208565501
79,MX,203833138
80,MX,209931671
81,MX,202862639
82,MX,196238310
83,MX,195853558
84,MX,194232115
85,MX,192417779
86,MX,187616854
87,MX,189183781
88,MX,191844639
89,MX,202088100
90,MX,204472911
91,MX,199969168
92,MX,202186365
93,MX,205994729
94,MX,219801364
95,MX,228295922
96,MX,230497104
97,MX,223685214
98,MX,230022807
99,MX,229321409
100,MX,221276103
101,MX,224212416
102,MX,226612656
103,MX,224513036
104,MX,220136791
105,MX,222942122
106,MX,235406168
107,MX,236795943
108,MX,243802035
109,MX,284846386
110,MX,246023803
111,MX,243468210
112,MX,247727144
113,MX,223014167
114,MX,212874444
115,MX,215332207
116,MX,220158412
117,MX,223050632
118,MX,224134989
119,MX,223837015
120,MX,215326002
121,MX,224147342
122,MX,227642015
123,MX,222889442
124,MX,225419760
125,MX,225119935
126,MX,227145712
127,MX,212936692
128,MX,221302419
129,MX,224403904
130,MX,246476232
131,MX,236169139
132,MX,229694936
133,MX,228499639
134,MX,242754773
135,MX,249774130
136,MX,256114289
137,MX,244735416
138,MX,237729503
139,MX,237855396
140,MX,237880415
141,MX,237145782
142,MX,235183870
143,MX,231421099
144,MX,236279006
145,MX,239716974
146,MX,242851396
147,MX,241846045
148,MX,244314217
149,MX,242634294
150,MX,252279480
151,MX,242172196
152,MX,247970670
153,MX,244639717
154,MX,246726346
155,MX,244596495
156,MX,242881419
157,MX,236055543
158,MX,237414502
159,MX,236932304
160,MX,239566980
161,MX,244945141
162,MX,249113416
163,MX,251932177
164,MX,253414118
165,MX,246951160
166,MX,239962781
167,MX,232627895
168,MX,235961269
169,MX,237493887
170,MX,250833529
1,ID,251037229
2,ID,260938713
3,ID,279366041
4,ID,278874894
5,ID,275780357
6,ID,274739722
7,ID,279107876
8,ID,286699459
9,ID,290210405
10,ID,105170087
11,ID,45589051
12,ID,46096746
13,ID,46329329
14,ID,46485487
15,ID,47050496
16,ID,47932847
17,ID,48221575
18,ID,49238732
19,ID,50846599
20,ID,51184420
21,ID,53268235
22,ID,56835709
23,ID,61001210
24,ID,62179339
25,ID,60831856
26,ID,62530474
27,ID,63701343
28,ID,65993314
29,ID,64723765
30,ID,64981871
31,ID,59152477
32,ID,61006081
33,ID,65850481
34,ID,72677950
35,ID,77349190
36,ID,80704062
37,ID,79469692
38,ID,77148207
39,ID,74880780
40,ID,72074310
41,ID,71258321
42,ID,71905564
43,ID,72447058
44,ID,72970147
45,ID,75145568
46,ID,76806300
47,ID,72984783
48,ID,73372780
49,ID,78899117
50,ID,81342027
51,ID,83104733
52,ID,84537055
53,ID,85784747
54,ID,86243880
55,ID,86423366
56,ID,88317230
57,ID,91406587
58,ID,92939223
59,ID,93713145
60,ID,92998109
61,ID,88863229
62,ID,88546509
63,ID,92580900
64,ID,95493169
65,ID,96315843
66,ID,96479089
67,ID,97178721
68,ID,96709176
69,ID,98798347
70,ID,101100706
71,ID,100074562
72,ID,101248019
73,ID,97950368
74,ID,93593194
75,ID,91580809
76,ID,90425053
77,ID,86578375
78,ID,79014595
79,ID,75530899
80,ID,77429691
81,ID,78122143
82,ID,73577622
83,ID,75448535
84,ID,81008224
85,ID,81166834
86,ID,78561157
87,ID,82779710
88,ID,83333751
89,ID,84072837
90,ID,85752786
91,ID,85322306
92,ID,82936787
93,ID,80811966
94,ID,79549372
95,ID,80410730
96,ID,85268412
97,ID,85820448
98,ID,84953015
99,ID,85126900
100,ID,85845743
101,ID,91052769
102,ID,88247220
103,ID,88564262
104,ID,90258773
105,ID,89323199
106,ID,88761401
107,ID,87729968
108,ID,91226269
109,ID,91333316
110,ID,89703983
111,ID,88768503
112,ID,87400154
113,ID,84101693
114,ID,81293282
115,ID,84039974
116,ID,87001720
117,ID,84683744
118,ID,82272597
119,ID,83575049
120,ID,83187731
121,ID,84028325
122,ID,86043566
123,ID,88527538
124,ID,92755529
125,ID,95903333
126,ID,92710103
127,ID,90505037
128,ID,89722067
129,ID,83966065
130,ID,76719490
131,ID,81947216
132,ID,83424825
133,ID,76258870
134,ID,79827827
135,ID,94656472
136,ID,93728816
137,ID,98096239
138,ID,93700199
139,ID,94392441
140,ID,97398517
141,ID,97352106
142,ID,101414802
143,ID,100230655
144,ID,103172647
145,ID,105629839
146,ID,107671025
147,ID,106567980
148,ID,112275470
149,ID,116020628
150,ID,114158340
151,ID,113938242
152,ID,114165630
153,ID,115716212
154,ID,111011101
155,ID,111515700
156,ID,114630673
157,ID,112351792
158,ID,111573778
159,ID,111245325
160,ID,110914125
161,ID,110730311
162,ID,110545781
163,ID,111572359
164,ID,108759174
165,ID,107961790
166,ID,105455094
167,ID,105173062
168,ID,112022547
169,ID,117061274
170,ID,118605347
1,PY,116361644
2,PY,120655600
3,PY,118339268
4,PY,117574516
5,PY,116877337
6,PY,137489384
7,PY,145449605
8,PY,139815002
9,PY,136864654
10,PY,127699225
11,PY,20416307
12,PY,6798431
13,PY,6823985
14,PY,7128515
15,PY,6975889
16,PY,6750465
17,PY,6826334
18,PY,6813269
19,PY,7024539
20,PY,6547213
21,PY,6549122
22,PY,6903188
23,PY,6997432
24,PY,6869619
25,PY,7467597
26,PY,6720215
27,PY,7169134
28,PY,7462728
29,PY,7077432
30,PY,7195339
31,PY,7303803
32,PY,7406598
33,PY,8354632
34,PY,8190977
35,PY,7867345
36,PY,7910198
37,PY,7706753
38,PY,7916585
39,PY,7533056
40,PY,7760271
41,PY,8152554
42,PY,8294383
43,PY,8299100
44,PY,8151405
45,PY,7998232
46,PY,8652237
47,PY,8701990
48,PY,8586448
49,PY,8874346
50,PY,8811421
51,PY,9042335
52,PY,8855668
53,PY,9296019
54,PY,9152334
55,PY,9045381
56,PY,9429980
57,PY,9326810
58,PY,9176681
59,PY,9139375
60,PY,9373481
61,PY,10091788
62,PY,10390883
63,PY,9911251
64,PY,9621140
65,PY,9713792
66,PY,9388199
67,PY,9258539
68,PY,9055148
69,PY,8857625
70,PY,8626183
71,PY,10626657
72,PY,11041833
73,PY,10259432
74,PY,9233404
75,PY,8962966
76,PY,8382589
77,PY,8179252
78,PY,9002425
79,PY,9595606
80,PY,9231762
81,PY,9701915
82,PY,9823769
83,PY,9706119
84,PY,9831418
85,PY,10658830
86,PY,10984133
87,PY,11292607
88,PY,10391383
89,PY,10311316
90,PY,11351545
91,PY,12450002
92,PY,11557222
93,PY,12688929
94,PY,12480177
95,PY,11693505
96,PY,13284612
97,PY,13708986
98,PY,13532266
99,PY,13237785
100,PY,13375718
101,PY,13844269
102,PY,13820905
103,PY,13873830
104,PY,14382374
105,PY,14608778
106,PY,15742669
107,PY,15851915
108,PY,14885652
109,PY,15195570
110,PY,16527845
111,PY,15930911
112,PY,15575106
113,PY,15863105
114,PY,16273243
115,PY,15386250
116,PY,14535851
117,PY,13877253
118,PY,13017894
119,PY,12808258
120,PY,13341093
121,PY,13587920
122,PY,13688703
123,PY,13550919
124,PY,13286607
125,PY,13114855
126,PY,13084077
127,PY,12457492
128,PY,12159223
129,PY,12322137
130,PY,12843047
131,PY,12577926
132,PY,12959686
133,PY,13495601
134,PY,13772820
135,PY,13838930
136,PY,14696499
137,PY,15209389
138,PY,14682422
139,PY,13262380
140,PY,12592555
141,PY,13378441
142,PY,14730623
143,PY,14626544
144,PY,13826667
145,PY,14695615
146,PY,15826189
147,PY,16351459
148,PY,16607679
149,PY,16381586
150,PY,16176906
151,PY,15039767
152,PY,14646043
153,PY,15007569
154,PY,14504056
155,PY,13409539
156,PY,13460576
157,PY,13333829
158,PY,13847974
159,PY,13987342
160,PY,12891256
161,PY,12781119
162,PY,13838608
163,PY,13546840
164,PY,14076618
165,PY,12915193
166,PY,14326644
167,PY,14761484
168,PY,13750337
169,PY,13341404
170,PY,13403532
1,IT,13412503
2,IT,13504378
3,IT,13171812
4,IT,13648800
5,IT,12847176
6,IT,12805220
7,IT,12363386
8,IT,11985795
9,IT,11707621
10,IT,12125003
11,IT,12240048
12,IT,90592124
13,IT,100777060
14,IT,104987030
15,IT,106808108
16,IT,116331400
17,IT,135886472
18,IT,120929835
19,IT,112004463
20,IT,115529502
21,IT,114732986
22,IT,116961529
23,IT,124271604
24,IT,120983877
25,IT,111563307
26,IT,103521159
27,IT,95655045
28,IT,95494763
29,IT,99621481
30,IT,113055899
31,IT,107155838
32,IT,110302659
33,IT,118483135
34,IT,136369547
35,IT,132367862
36,IT,133265940
37,IT,131139160
38,IT,174439733
39,IT,149959909
40,IT,141614242
41,IT,137408164
42,IT,136227459
43,IT,128114137
44,IT,121611923
45,IT,114915072
46,IT,122263020
47,IT,124469582
48,IT,136434659
49,IT,140755099
50,IT,130467882
51,IT,135166680
52,IT,134071052
53,IT,129684118
54,IT,133009272
55,IT,147488035
56,IT,143736550
57,IT,173108143
58,IT,145248389
59,IT,135272883
60,IT,129052657
61,IT,131622539
62,IT,123850024
63,IT,112366104
64,IT,104855722
65,IT,110980341
66,IT,117865978
67,IT,117893013
68,IT,118127757
69,IT,140402387
70,IT,129493146
71,IT,124866052
72,IT,121653477
73,IT,111755832
74,IT,98514676
75,IT,92247618
76,IT,97243218
77,IT,93632979
78,IT,93630515
79,IT,89250449
80,IT,91955976
81,IT,91765422
82,IT,101729471
83,IT,99039952
84,IT,108235324
85,IT,111203411
86,IT,124977524
87,IT,127178240
88,IT,141017120
89,IT,149231283
90,IT,142365706
91,IT,141763981
92,IT,150603136
93,IT,143824380
94,IT,139774582
95,IT,137385038
96,IT,128995238
97,IT,123958116
98,IT,120078003
99,IT,118956991
100,IT,117635104
101,IT,126010791
102,IT,113533562
103,IT,131622132
104,IT,115127046
105,IT,110289660
106,IT,105264181
107,IT,103093056
108,IT,108416015
109,IT,94217684
110,IT,133051751
111,IT,99366684
112,IT,97295707
113,IT,96159383
114,IT,99826334
115,IT,91734089
116,IT,80683114
117,IT,85218197
118,IT,88521435
119,IT,104700780
120,IT,96472251
121,IT,102874910
122,IT,100546571
123,IT,99922687
124,IT,101811796
125,IT,132659680
126,IT,115284994
127,IT,107585825
128,IT,109317972
129,IT,107546994
130,IT,113011159
131,IT,105082222
132,IT,108109686
133,IT,120387210
134,IT,117325904
135,IT,133356231
136,IT,136680385
137,IT,136694356
138,IT,141433426
139,IT,149819922
140,IT,154933808
141,IT,155442227
142,IT,153765095
143,IT,146963724
144,IT,147686299
145,IT,143714297
146,IT,144054800
147,IT,140020298
148,IT,136954462
149,IT,132822450
150,IT,131590686
151,IT,134320225
152,IT,151058339
153,IT,141313320
154,IT,138165499
155,IT,147430613
156,IT,137347772
157,IT,131178867
158,IT,126107750
159,IT,120198432
160,IT,113184516
161,IT,113569960
162,IT,145341990
163,IT,121757711
164,IT,117002808
165,IT,122154825
166,IT,121203493
167,IT,116355861
168,IT,105766289
169,IT,109090820
170,IT,112106746
1,BR,114540449
2,BR,112680475
3,BR,169275314
4,BR,159299446
5,BR,138520572
6,BR,127124973
7,BR,119018352
8,BR,117318581
9,BR,126589268
10,BR,127270853
11,BR,114270503
12,BR,132799819
13,BR,208428833
14,BR,222143599
15,BR,216971943
16,BR,209784309
17,BR,206684133
18,BR,209087213
19,BR,200840062
20,BR,202271390
21,BR,204486134
22,BR,177784339
23,BR,182684694
24,BR,189660954
25,BR,188488994
26,BR,195528253
27,BR,194927306
28,BR,184272245
29,BR,184738978
30,BR,188934192
31,BR,188798128
32,BR,192403490
33,BR,192650670
34,BR,190028287
35,BR,188790814
36,BR,199635125
37,BR,189557007
38,BR,200382591
39,BR,188608710
40,BR,199431784
41,BR,199005975
42,BR,201394240
43,BR,198971595
44,BR,209087795
45,BR,209243725
46,BR,213173689
47,BR,212871388
48,BR,228406642
49,BR,238708423
50,BR,226009668
51,BR,225655598
52,BR,231184470
53,BR,234918081
54,BR,236446130
55,BR,243955526
56,BR,251159269
57,BR,244060611
58,BR,239718656
59,BR,232027875
60,BR,244052835
61,BR,253435611
62,BR,267356928
63,BR,289295933
64,BR,295824498
65,BR,255936127
66,BR,271124890
67,BR,267847521
68,BR,265062919
69,BR,256738743
70,BR,251965952
71,BR,262523489
72,BR,264171172
73,BR,238612894
74,BR,244241612
75,BR,229837924
76,BR,204843178
77,BR,221397459
78,BR,214538561
79,BR,198545712
80,BR,200291940
81,BR,201170336
82,BR,194922001
83,BR,198319731
84,BR,204464787
85,BR,200510264
86,BR,212722635
87,BR,210386935
88,BR,210608988
89,BR,208161005
90,BR,201924157
91,BR,206896563
92,BR,215362134
93,BR,221676853
94,BR,222834410
95,BR,225775499
96,BR,226973293
97,BR,225050838
98,BR,225542343
99,BR,242027433
100,BR,255313031
101,BR,267630037
102,BR,254193378
103,BR,258302586
104,BR,255325057
105,BR,257697688
106,BR,249246020
107,BR,258918657
108,BR,256381516
109,BR,253836281
110,BR,253277495
111,BR,252979840
112,BR,268064565
113,BR,269341939
114,BR,275283872
115,BR,307654401
116,BR,325902744
117,BR,295222217
118,BR,275776385
119,BR,271628755
120,BR,277958496
121,BR,279641062
122,BR,275743775
123,BR,287913421
124,BR,277075318
125,BR,265912705
126,BR,259965946
127,BR,280287918
128,BR,285191654
129,BR,290655136
130,BR,279404176
131,BR,293995440
132,BR,308036228
133,BR,299454394
134,BR,309179533
135,BR,308291254
136,BR,299805499
137,BR,299312769
138,BR,310087180
139,BR,298708599
140,BR,294285557
141,BR,292101594
142,BR,299580372
143,BR,316937679
144,BR,320523116
145,BR,322830889
146,BR,322703981
147,BR,306134226
148,BR,313047103
149,BR,326173402
150,BR,333453618
151,BR,331354709
152,BR,358773154
153,BR,346839854
154,BR,333519407
155,BR,330762158
156,BR,326613640
157,BR,334254379
158,BR,327070404
159,BR,322148291
160,BR,335884679
161,BR,332300129
162,BR,357467519
163,BR,348468724
164,BR,337709470
165,BR,336665545
166,BR,345846163
167,BR,360968656
168,BR,390604639
169,BR,380941365
170,BR,331867371
1,ES,322485245
2,ES,337009072
3,ES,326950946
4,ES,326102357
5,ES,333312728
6,ES,338037711
7,ES,359057885
8,ES,340364798
9,ES,314311336
10,ES,322930279
11,ES,328871844
12,ES,315400316
13,ES,213711357
14,ES,94134277
15,ES,100018549
16,ES,102102644
17,ES,103246964
18,ES,104399052
19,ES,105582263
20,ES,106639579
21,ES,106876124
22,ES,105028852
23,ES,104934561
24,ES,104834201
25,ES,113127710
26,ES,110240610
27,ES,109051215
28,ES,105631331
29,ES,98730967
30,ES,103870931
31,ES,107440876
32,ES,109097578
33,ES,111257226
34,ES,114748364
35,ES,118215265
36,ES,119478930
37,ES,121630657
38,ES,123355107
39,ES,124312927
40,ES,123169729
41,ES,122922839
42,ES,122985376
43,ES,120066783
44,ES,118034681
45,ES,115045790
46,ES,114471844
47,ES,114344008
48,ES,118111503
49,ES,111760224
50,ES,106466452
51,ES,111797879
52,ES,112802028
53,ES,110906872
54,ES,106789150
55,ES,104541311
56,ES,119089372
57,ES,108885534
58,ES,108420347
59,ES,107340084
60,ES,108329574
61,ES,109354696
62,ES,103287363
63,ES,107736794
64,ES,113261259
65,ES,108290996
66,ES,101462461
67,ES,108790377
68,ES,109119364
69,ES,112057845
70,ES,112617482
71,ES,113519858
72,ES,116100723
73,ES,118626916
74,ES,132695356
75,ES,125046749
76,ES,115054000
77,ES,120921991
78,ES,114869515
79,ES,112389877
80,ES,109462848
81,ES,107866787
82,ES,110100270
83,ES,118364446
84,ES,121738260
85,ES,123352577
86,ES,124849249
87,ES,128798819
88,ES,125670260
89,ES,126248937
90,ES,132172191
91,ES,130778443
92,ES,129668111
93,ES,130045612
94,ES,130068435
95,ES,133214959
96,ES,130120003
97,ES,126035631
98,ES,123878125
99,ES,127581386
100,ES,127632745
101,ES,129416464
102,ES,127667360
103,ES,123558334
104,ES,122314112
105,ES,123727999
106,ES,126120692
107,ES,121648805
108,ES,122751797
109,ES,127519879
110,ES,140448981
111,ES,136501311
112,ES,130368650
113,ES,151173167
114,ES,132766896
115,ES,130023800
116,ES,136886154
117,ES,124400329
118,ES,109641942
119,ES,105386131
120,ES,111786557
121,ES,118274676
122,ES,114046242
123,ES,111512027
124,ES,115446235
125,ES,116062343
126,ES,133816638
127,ES,126315532
128,ES,127215309
129,ES,124592763
130,ES,130609877
131,ES,124444725
132,ES,120742570
133,ES,123382193
134,ES,126389128
135,ES,131815344
136,ES,133327029
137,ES,135459299
138,ES,140889641
139,ES,151570842
140,ES,155004079
141,ES,154058071
142,ES,150714745
143,ES,154482853
144,ES,154494203
145,ES,161081675
146,ES,165228738
147,ES,162765835
148,ES,162119508
149,ES,160654859
150,ES,157786137
151,ES,156633913
152,ES,154168171
153,ES,150630850
154,ES,144545390
155,ES,142530004
156,ES,141225835
157,ES,138508907
158,ES,144978105
159,ES,139464444
160,ES,133498369
161,ES,131804506
162,ES,127515709
163,ES,127148798
164,ES,125124239
165,ES,123449574
166,ES,126495489
167,ES,127855065
168,ES,126398169
169,ES,126414059
170,ES,126310142
1,TH,117778214
2,TH,118440581
3,TH,123554016
4,TH,131870524
5,TH,132126476
6,TH,130115637
7,TH,131067774
8,TH,129324464
9,TH,124444268
10,TH,122615333
11,TH,137484934
12,TH,135155510
13,TH,136752834
14,TH,59935395
15,TH,8970801
16,TH,9365561
17,TH,9540470
18,TH,9410410
19,TH,9729981
20,TH,10052222
21,TH,9987191
22,TH,10542779
23,TH,10668819
24,TH,10301555
25,TH,10380452
26,TH,10406366
27,TH,11723566
28,TH,12283863
29,TH,10924889
30,TH,10785865
31,TH,10929057
32,TH,11308872
33,TH,11260051
34,TH,11343730
35,TH,11384037
36,TH,11579436
37,TH,11633389
38,TH,12346687
39,TH,12944345
40,TH,13701128
41,TH,14100482
42,TH,14078077
43,TH,14156160
44,TH,15578725
45,TH,15895383
46,TH,16376514
47,TH,16572753
48,TH,17255427
49,TH,17731756
50,TH,17733970
51,TH,17362559
52,TH,17128829
53,TH,17162582
54,TH,17962411
55,TH,18225594
56,TH,18442373
57,TH,18492946
58,TH,18109578
59,TH,17317139
60,TH,17058606
61,TH,16913906
62,TH,16984293
63,TH,17809642
64,TH,18648828
65,TH,19132528
66,TH,18678473
67,TH,18798672
68,TH,19054300
69,TH,19118199
70,TH,18969152
71,TH,19186633
72,TH,19710744
73,TH,21040167
74,TH,22641310
75,TH,20904324
76,TH,20996411
77,TH,19796805
78,TH,19209535
79,TH,19042058
80,TH,18347112
81,TH,18813247
82,TH,18254912
83,TH,18502017
84,TH,19337652
85,TH,20011571
86,TH,20098909
87,TH,20331065
88,TH,20789047
89,TH,20525322
90,TH,20983953
91,TH,21285110
92,TH,22435658
93,TH,22249845
94,TH,22729415
95,TH,22767064
96,TH,24208060
97,TH,22878218
98,TH,23125161
99,TH,23011806
100,TH,24466657
101,TH,25554229
102,TH,24868948
103,TH,24291109
104,TH,24481795
105,TH,25655749
106,TH,28420933
107,TH,25712744
108,TH,23775937
109,TH,24478929
110,TH,23839460
111,TH,23726081
112,TH,23357109
113,TH,24911018
114,TH,23835121
115,TH,24239856
116,TH,25077743
117,TH,25671156
118,TH,24523334
119,TH,21940620
120,TH,21322488
121,TH,21330417
122,TH,21021962
123,TH,21551556
124,TH,21533519
125,TH,21502057
126,TH,21750299
127,TH,23031997
128,TH,23737148
129,TH,26141501
130,TH,26137526
131,TH,26650430
132,TH,24911711
133,TH,22678515
134,TH,21581404
135,TH,20786952
136,TH,20947107
137,TH,21071445
138,TH,20363332
139,TH,21734342
140,TH,21669923
141,TH,21142148
142,TH,20545769
143,TH,20220696
144,TH,20035042
145,TH,19065247
146,TH,19018989
147,TH,18380305
148,TH,17968968
149,TH,17941397
150,TH,17839964
151,TH,18091845
152,TH,19081133
153,TH,19569807
154,TH,19364639
155,TH,23431242
156,TH,22876784
157,TH,22933815
158,TH,21634247
159,TH,21685607
160,TH,21413490
161,TH,22660823
162,TH,22166213
163,TH,22091810
164,TH,21959684
165,TH,22101479
166,TH,22833835
167,TH,23534701
168,TH,23545717
169,TH,23207788
170,TH,24282468
1,TR,23408378
2,TR,22243116
3,TR,22464879
4,TR,23013805
5,TR,23952027
6,TR,24973298
7,TR,25855980
8,TR,25265468
9,TR,24594918
10,TR,24156842
11,TR,23107442
12,TR,22943582
13,TR,22507861
14,TR,22296875
15,TR,29130031
16,TR,35097716
17,TR,35776552
18,TR,39240186
19,TR,44035375
20,TR,42502055
21,TR,44945448
22,TR,47554745
23,TR,46371489
24,TR,46197455
25,TR,45521139
26,TR,45129244
27,TR,44443251
28,TR,43703668
29,TR,44052011
30,TR,44505859
31,TR,44022975
32,TR,45040546
33,TR,46357924
34,TR,48647586
35,TR,51597384
36,TR,49240740
37,TR,50010121
38,TR,53710442
39,TR,56204534
40,TR,59009478
41,TR,57010020
42,TR,61995940
43,TR,66621595
44,TR,67444712
45,TR,64238612
46,TR,59417080
47,TR,56969819
48,TR,56186138
49,TR,54720069
50,TR,59389894
51,TR,58178516
52,TR,59694356
53,TR,62458976
54,TR,66019727
55,TR,68463246
56,TR,67472000
57,TR,67329318
58,TR,64749649
59,TR,69042444
60,TR,75942665
61,TR,69306872
62,TR,68620016
63,TR,66676353
64,TR,66381229
65,TR,65002432
66,TR,62289921
67,TR,58683135
68,TR,61836378
69,TR,64493998
70,TR,67905226
71,TR,70111534
72,TR,69852409
73,TR,73024406
74,TR,76264002
75,TR,74010973
76,TR,72739184
77,TR,70033067
78,TR,64323266
79,TR,60334023
80,TR,59374713
81,TR,58054290
82,TR,59195913
83,TR,57316667
84,TR,56121733
85,TR,56256135
86,TR,58450473
87,TR,56498148
88,TR,56250531
89,TR,58869125
90,TR,61530671
91,TR,58961493
92,TR,59407987
93,TR,59387728
94,TR,59303734
95,TR,63486705
96,TR,66675488
97,TR,65919885
98,TR,63755127
99,TR,66146966
100,TR,67379965
101,TR,70512354
102,TR,73298657
103,TR,70240173
104,TR,70446273
105,TR,70342467
106,TR,72419663
107,TR,72773802
108,TR,73762658
109,TR,73836990
110,TR,69849213
111,TR,65762410
112,TR,66849508
113,TR,68598905
114,TR,72070757
115,TR,74179868
116,TR,78275469
117,TR,77727032
118,TR,75097301
119,TR,73236177
120,TR,68551666
121,TR,69911522
122,TR,69785664
123,TR,69643767
124,TR,70793611
125,TR,69809782
126,TR,66576321
127,TR,68711607
128,TR,69720614
129,TR,67549949
130,TR,68331191
131,TR,70440117
132,TR,72588465
133,TR,77755109
134,TR,75635048
135,TR,77118624
136,TR,81751623
137,TR,76864765
138,TR,70550288
139,TR,73699700
140,TR,76840409
141,TR,78058282
142,TR,78877926
143,TR,79207047
144,TR,79105594
145,TR,80548525
146,TR,85969181
147,TR,94978736
148,TR,89454181
149,TR,90875088
150,TR,93220228
151,TR,99510219
152,TR,104732182
153,TR,100431944
154,TR,96511699
155,TR,90044409
156,TR,91369762
157,TR,99420280
158,TR,104585703
159,TR,98594340
160,TR,99082464
161,TR,99400628
162,TR,102661240
163,TR,103541171
164,TR,99569625
165,TR,104333830
166,TR,102113974
167,TR,103290976
168,TR,104527899
169,TR,104326720
170,TR,98383202
1,PE,102185857
2,PE,99055803
3,PE,100472833
4,PE,105133350
5,PE,105058587
6,PE,104192171
7,PE,100772687
8,PE,108128216
9,PE,112050585
10,PE,105822524
11,PE,106182732
12,PE,104231653
13,PE,120563365
14,PE,119384161
15,PE,116687912
16,PE,51230839
17,PE,32252465
18,PE,34075841
19,PE,34682259
20,PE,35038222
21,PE,34797734
22,PE,34440330
23,PE,34005100
24,PE,33510842
25,PE,32995116
26,PE,34122889
27,PE,34171155
28,PE,34239962
29,PE,34376021
30,PE,34358323
31,PE,32541679
32,PE,32476516
33,PE,33548257
34,PE,34652784
35,PE,35035139
36,PE,34929207
37,PE,34129090
38,PE,34130505
39,PE,32890454
40,PE,33782488
41,PE,33490343
42,PE,34241458
43,PE,34466155
44,PE,34887245
45,PE,34765009
46,PE,35382035
47,PE,37320886
48,PE,37039528
49,PE,36626883
50,PE,36369130
51,PE,37095167
52,PE,37455228
53,PE,36628797
54,PE,35852870
55,PE,35241670
56,PE,35883581
57,PE,37032564
58,PE,37923168
59,PE,36900521
60,PE,36913505
61,PE,37514515
62,PE,38009219
63,PE,37991409
64,PE,37523869
65,PE,38503667
66,PE,38152776
67,PE,38150866
68,PE,38846788
69,PE,40809828
70,PE,42531004
71,PE,41718845
72,PE,40844544
73,PE,39982131
74,PE,39263004
75,PE,38358624
76,PE,41756335
77,PE,43034678
78,PE,37260044
79,PE,31500622
80,PE,30505919
81,PE,29196386
82,PE,29297162
83,PE,29488329
84,PE,28695164
85,PE,28293800
86,PE,28331653
87,PE,28743996
88,PE,28276710
89,PE,28097965
90,PE,28575759
91,PE,28796056
92,PE,29042664
93,PE,28876234
94,PE,29662953
95,PE,31591340
96,PE,34202471
97,PE,34329092
98,PE,33248055
99,PE,33547932
100,PE,34017585
101,PE,36776252
102,PE,38367218
103,PE,37228594
104,PE,38029508
105,PE,38361251
106,PE,41379216
107,PE,40335863
108,PE,40368685
109,PE,39565442
110,PE,40734628
111,PE,41089255
112,PE,41246690
113,PE,39344190
114,PE,39505276
115,PE,44823636
116,PE,48154628
117,PE,44777083
118,PE,43735096
119,PE,41850659
120,PE,38931612
121,PE,38496342
122,PE,38978363
123,PE,38370266
124,PE,37698605
125,PE,35861231
126,PE,34368068
127,PE,34125540
128,PE,34262952
129,PE,34737956
130,PE,34464964
131,PE,34884080
132,PE,35290803
133,PE,34269409
134,PE,32502558
135,PE,32720687
136,PE,34733102
137,PE,35298674
138,PE,35356536
139,PE,35325425
140,PE,34047200
141,PE,38904469
142,PE,40719379
143,PE,40228062
144,PE,39443633
145,PE,36934989
146,PE,37995437
147,PE,37867019
148,PE,40062798
149,PE,40033924
150,PE,39086016
151,PE,39543903
152,PE,41044026
153,PE,41587248
154,PE,40968804
155,PE,40786923
156,PE,38694913
157,PE,38234243
158,PE,38161706
159,PE,39041178
160,PE,38068147
161,PE,35663835
162,PE,36697983
163,PE,38077623
164,PE,36206694
165,PE,36680977
166,PE,35745823
167,PE,36461402
168,PE,36831938
169,PE,37485564
170,PE,37735572
1,PL,37622498
2,PL,36248466
3,PL,36611106
4,PL,36712912
5,PL,37290317
6,PL,39194943
7,PL,40133226
8,PL,40595018
9,PL,42188534
10,PL,41453419
11,PL,40267114
12,PL,40676856
13,PL,40684442
14,PL,40397074
15,PL,40687990
16,PL,39290088
17,PL,27773982
18,PL,27555452
19,PL,28380906
20,PL,28327339
21,PL,28906480
22,PL,31056801
23,PL,31606198
24,PL,29764864
25,PL,33278029
26,PL,29812269
27,PL,28883482
28,PL,28016206
29,PL,29661830
30,PL,29412212
31,PL,29807085
32,PL,26632727
33,PL,26096829
34,PL,25879251
35,PL,27341391
36,PL,29086272
37,PL,30354100
38,PL,32150979
39,PL,32720331
40,PL,32606362
41,PL,33682392
42,PL,34737703
43,PL,33682618
44,PL,33955044
45,PL,38244523
46,PL,40638842
47,PL,37120185
48,PL,35802172
49,PL,35193294
50,PL,35702380
51,PL,35296746
52,PL,35166175
53,PL,35697294
54,PL,35060513
55,PL,36525960
56,PL,37311509
57,PL,37753844
58,PL,39071330
59,PL,40277143
60,PL,38603895
61,PL,38573592
62,PL,40106427
63,PL,40510209
64,PL,43151975
65,PL,42687719
66,PL,46316650
67,PL,49521672
68,PL,39975675
69,PL,36661197
70,PL,39348676
71,PL,44643702
72,PL,42529031
73,PL,42690996
74,PL,43316569
75,PL,44186354
76,PL,42994155
77,PL,43627889
78,PL,47698874
79,PL,41826252
80,PL,40012122
81,PL,42502898
82,PL,50335765
83,PL,40368213
84,PL,39025137
85,PL,39099611
86,PL,37423263
87,PL,38086858
88,PL,38313679
89,PL,37745200
90,PL,38034768
91,PL,38962991
92,PL,39869745
93,PL,39773874
94,PL,40822646
95,PL,40972552
96,PL,46188729
97,PL,46430364
98,PL,46871299
99,PL,46260252
100,PL,45859309
101,PL,45477927
102,PL,45102099
103,PL,55242948
104,PL,53880704
105,PL,47865084
106,PL,47619361
107,PL,44956331
108,PL,43239432
109,PL,41978986
110,PL,42114598
111,PL,42322254
112,PL,42526180
113,PL,42231840
114,PL,40921270
115,PL,41462334
116,PL,42996563
117,PL,50327548
118,PL,50064466
119,PL,58376000
120,PL,47421805
121,PL,41278891
122,PL,40988736
123,PL,48984251
124,PL,46138846
125,PL,45729117
126,PL,44595383
127,PL,43395378
128,PL,42943645
129,PL,42766374
130,PL,42468239
131,PL,42173959
132,PL,42371707
133,PL,45785656
134,PL,50327393
135,PL,48686985
136,PL,50889565
137,PL,53409437
138,PL,54868929
139,PL,55802356
140,PL,60695755
141,PL,56972456
142,PL,61132938
143,PL,57470792
144,PL,56609809
145,PL,58188884
146,PL,61814015
147,PL,64818333
148,PL,61569807
149,PL,63990178
150,PL,64463660
151,PL,63582618
152,PL,64830983
153,PL,66619946
154,PL,65746145
155,PL,66767350
156,PL,70790588
157,PL,68468910
158,PL,68653222
159,PL,70460139
160,PL,77327010
161,PL,81934833
162,PL,80807752
163,PL,75658299
164,PL,75951540
165,PL,71790676
166,PL,69994828
167,PL,64286117
168,PL,69439912
169,PL,71521115
170,PL,75472261
1,SE,77192714
2,SE,89298084
3,SE,69395701
4,SE,67334979
5,SE,65643817
6,SE,78276613
7,SE,82242613
8,SE,80899643
9,SE,80273579
10,SE,78264625
11,SE,69205055
12,SE,63580478
13,SE,63619544
14,SE,66602957
15,SE,66946401
16,SE,66044908
17,SE,67969292
18,SE,48286830
19,SE,50452949
20,SE,51932970
21,SE,53040592
22,SE,53045696
23,SE,55851530
24,SE,54345893
25,SE,59328786
26,SE,62310406
27,SE,66044132
28,SE,59901753
29,SE,58916805
30,SE,63350161
31,SE,63129073
32,SE,69009943
33,SE,61724925
34,SE,63269259
35,SE,60539894
36,SE,64733917
37,SE,68877551
38,SE,63127096
39,SE,61999922
40,SE,70586951
41,SE,65528127
42,SE,61611975
43,SE,61821153
44,SE,61181527
45,SE,60683740
46,SE,58937416
47,SE,56180602
48,SE,54484639
49,SE,53961593
50,SE,54621073
51,SE,55212333
52,SE,58760768
53,SE,66131137
54,SE,60929127
55,SE,57727754
56,SE,56256622
57,SE,57453306
58,SE,57756342
59,SE,56077301
60,SE,56552099
61,SE,54086966
62,SE,56402792
63,SE,58852094
64,SE,60679964
65,SE,68267760
66,SE,66372395
67,SE,67935682
68,SE,82959665
69,SE,57781037
70,SE,52012945
71,SE,61412568
72,SE,66197965
73,SE,64430056
74,SE,61796578
75,SE,58909114
76,SE,57753147
77,SE,58110884
78,SE,59864427
79,SE,64127059
80,SE,59845927
81,SE,57512393
82,SE,57384278
83,SE,60941871
84,SE,56066686
85,SE,55239800
86,SE,55420238
87,SE,52533125
88,SE,53335599
89,SE,56965546
90,SE,58744251
91,SE,58637627
92,SE,55448786
93,SE,58460887
94,SE,60242629
95,SE,56448219
96,SE,53437973
97,SE,52522231
98,SE,51761942
99,SE,48805486
100,SE,49564403
101,SE,49691607
102,SE,49062861
103,SE,49092216
104,SE,50657662
105,SE,52003046
106,SE,51323835
107,SE,50517667
108,SE,50286622
109,SE,50125818
110,SE,47985236
111,SE,45859806
112,SE,46856854
113,SE,45219094
114,SE,44842996
115,SE,46829771
116,SE,50173625
117,SE,61414009
118,SE,65013562
119,SE,65123961
120,SE,87274502
121,SE,62533585
122,SE,45515863
123,SE,43220153
124,SE,48205957
125,SE,48054902
126,SE,46014507
127,SE,45640546
128,SE,47484811
129,SE,48385801
130,SE,51983933
131,SE,56674696
132,SE,59236527
133,SE,54074008
134,SE,55334589
135,SE,52322050
136,SE,48716272
137,SE,50188627
138,SE,50252349
139,SE,50331048
140,SE,54837276
141,SE,54348320
142,SE,57068435
143,SE,60518755
144,SE,60030063
145,SE,58300653
146,SE,57761450
147,SE,56829758
148,SE,58835925
149,SE,55045589
150,SE,54625103
151,SE,51990286
152,SE,49488675
153,SE,49222897
154,SE,47588181
155,SE,47346644
156,SE,49053580
157,SE,55101216
158,SE,51646648
159,SE,47977985
160,SE,47588192
161,SE,48720735
162,SE,48674865
163,SE,49951517
164,SE,55168908
165,SE,54726038
166,SE,52052915
167,SE,49890462
168,SE,50241372
169,SE,55359921
170,SE,59861423
,,59185509
,,67115463
,,64891790
,,51607774
,,45105643
,,45132275
,,44905551
,,47616490
,,45919722
,,46687835
,,45426767
,,45468787
,,49807761
,,56800789
,,51756277
,,48688725
,,47258294
