week,country,new_cases,new_deaths
1,AR,0,0
2,AR,0,0
3,AR,0,0
4,AR,0,0
5,AR,0,0
6,AR,0,0
7,AR,0,0
8,AR,0,0
9,AR,0,0
10,AR,0,0
11,AR,0,0
12,AR,0,0
13,AR,0,0
14,AR,0,0
15,AR,0,0
16,AR,0,0
17,AR,0,0
18,AR,0,0
19,AR,0,0
20,AR,0,0
21,AR,0,0
22,AR,0,0
23,AR,0,0
24,AR,0,0
25,AR,0,0
26,AR,0,0
27,AR,0,0
28,AR,0,0
29,AR,0,0
30,AR,0,0
31,AR,0,0
32,AR,0,0
33,AR,0,0
34,AR,0,0
35,AR,0,0
36,AR,0,0
37,AR,0,0
38,AR,0,0
39,AR,0,0
40,AR,0,0
41,AR,0,0
42,AR,0,0
43,AR,0,0
44,AR,0,0
45,AR,0,0
46,AR,0,0
47,AR,0,0
48,AR,0,0
49,AR,0,0
50,AR,0,0
51,AR,0,0
52,AR,0,0
53,AR,0,0
54,AR,0,0
55,AR,0,0
56,AR,0,0
57,AR,0,0
58,AR,0,0
59,AR,0,0
60,AR,4,0
61,AR,41,3
62,AR,218,11
63,AR,605,27
64,AR,762,60
65,AR,826,67
66,AR,1023,68
67,AR,1199,104
68,AR,1405,131
69,AR,1393,112
70,AR,2298,123
71,AR,3785,183
72,AR,5403,221
73,AR,6539,342
74,AR,8713,415
75,AR,11686,465
76,AR,17217,751
77,AR,19265,810
78,AR,23385,1063
79,AR,26848,1237
80,AR,36129,1482
81,AR,40299,1461
82,AR,47457,1694
83,AR,49955,1623
84,AR,47897,1748
85,AR,60668,2118
86,AR,71207,2333
87,AR,75547,2352
88,AR,77220,2354
89,AR,76301,2409
90,AR,87370,2541
91,AR,88272,2489
92,AR,95055,2570
93,AR,102123,2493
94,AR,90626,2115
95,AR,72420,1645
96,AR,72058,1674
97,AR,62849,1316
98,AR,50165,984
99,AR,48198,910
100,AR,33665,780
101,AR,43746,910
102,AR,49783,947
103,AR,55725,1017
104,AR,65517,1194
105,AR,82123,1362
106,AR,76387,1234
107,AR,74571,1247
108,AR,54937,999
109,AR,46696,931
110,AR,45707,832
111,AR,47950,876
112,AR,44259,904
113,AR,44427,870
114,AR,52567,999
115,AR,53751,1020
116,AR,92128,1542
117,AR,116725,2098
118,AR,160009,2982
119,AR,170340,3427
120,AR,156792,3356
121,AR,142648,3126
122,AR,145434,3310
123,AR,203740,4227
124,AR,210810,4172
125,AR,220368,4469
126,AR,180740,3596
127,AR,152125,3079
128,AR,123937,2483
129,AR,136067,2326
130,AR,119713,2143
131,AR,105752,1829
132,AR,91846,1472
133,AR,91063,1306
134,AR,81998,1183
135,AR,73134,1019
136,AR,50952,757
137,AR,45512,633
138,AR,33933,446
139,AR,22702,365
140,AR,16326,239
141,AR,12386,172
142,AR,10035,102
143,AR,8051,83
144,AR,6087,78
145,AR,7972,82
146,AR,9137,66
147,AR,8586,55
148,AR,9104,77
149,AR,9892,91
150,AR,10276,105
151,AR,13805,95
152,AR,16890,143
153,AR,28033,152
154,AR,58198,193
155,AR,178132,320
156,AR,403353,651
157,AR,757878,1319
158,AR,750191,2193
159,AR,625620,2237
160,AR,302899,1393
161,AR,173137,805
162,AR,93138,408
163,AR,75329,283
164,AR,40062,90
165,AR,39277,59
166,AR,27258,25
167,AR,43898,264
168,AR,15467,245
1,AU,0,0
2,AU,0,0
3,AU,0,0
4,AU,0,0
5,AU,0,0
6,AU,0,0
7,AU,0,0
8,AU,0,0
9,AU,0,0
10,AU,0,0
11,AU,0,0
12,AU,0,0
13,AU,0,0
14,AU,0,0
15,AU,0,0
16,AU,0,0
17,AU,0,0
18,AU,0,0
19,AU,0,0
20,AU,0,0
21,AU,0,0
22,AU,0,0
23,AU,0,0
24,AU,0,0
25,AU,0,0
26,AU,0,0
27,AU,0,0
28,AU,0,0
29,AU,0,0
30,AU,0,0
31,AU,0,0
32,AU,0,0
33,AU,0,0
34,AU,0,0
35,AU,0,0
36,AU,0,0
37,AU,0,0
38,AU,0,0
39,AU,0,0
40,AU,0,0
41,AU,0,0
42,AU,0,0
43,AU,0,0
44,AU,0,0
45,AU,0,0
46,AU,0,0
47,AU,0,0
48,AU,0,0
49,AU,0,0
50,AU,0,0
51,AU,0,0
52,AU,0,0
53,AU,0,0
54,AU,0,0
55,AU,7,0
56,AU,7,0
57,AU,1,0
58,AU,0,0
59,AU,8,0
60,AU,20,2
61,AU,79,1
62,AU,443,3
63,AU,1858,2
64,AU,2553,13
65,AU,1076,29
66,AU,406,13
67,AU,196,11
68,AU,92,16
69,AU,129,7
70,AU,100,1
71,AU,104,2
72,AU,60,2
73,AU,90,0
74,AU,38,0
75,AU,103,0
76,AU,151,1
77,AU,399,1
78,AU,966,2
79,AU,1609,5
80,AU,2401,17
81,AU,2686,48
82,AU,3862,71
83,AU,2683,105
84,AU,1866,98
85,AU,1212,99
86,AU,718,114
87,AU,542,118
88,AU,314,43
89,AU,194,35
90,AU,105,27
91,AU,104,11
92,AU,159,7
93,AU,103,1
94,AU,110,2
95,AU,68,0
96,AU,64,0
97,AU,91,0
98,AU,77,0
99,AU,69,1
100,AU,70,0
101,AU,66,0
102,AU,179,0
103,AU,143,1
104,AU,155,0
105,AU,114,0
106,AU,90,0
107,AU,46,0
108,AU,43,0
109,AU,42,0
110,AU,40,0
111,AU,28,0
112,AU,57,0
113,AU,79,0
114,AU,78,0
115,AU,67,0
116,AU,84,0
117,AU,75,0
118,AU,72,1
119,AU,127,0
120,AU,171,0
121,AU,116,0
122,AU,82,0
123,AU,44,0
124,AU,57,0
125,AU,82,0
126,AU,80,0
127,AU,81,0
128,AU,87,0
129,AU,232,0
130,AU,251,0
131,AU,570,2
132,AU,837,3
133,AU,1203,6
134,AU,1611,4
135,AU,2290,19
136,AU,3391,26
137,AU,5946,16
138,AU,8373,26
139,AU,11211,48
140,AU,12224,56
141,AU,11812,70
142,AU,12375,92
143,AU,15066,95
144,AU,15613,88
145,AU,15917,116
146,AU,14379,92
147,AU,10561,99
148,AU,9798,90
149,AU,8779,49
150,AU,9278,66
151,AU,9542,38
152,AU,10606,61
153,AU,13303,45
154,AU,29312,45
155,AU,76478,48
156,AU,270534,79
157,AU,515038,176
158,AU,378615,376
159,AU,276972,489
160,AU,471498,574
161,AU,179285,462
162,AU,172911,366
163,AU,140191,294
164,AU,142337,246
165,AU,178170,227
166,AU,461587,140
167,AU,339372,150
168,AU,399367,173
1,BR,0,0
2,BR,0,0
3,BR,0,0
4,BR,0,0
5,BR,0,0
6,BR,0,0
7,BR,0,0
8,BR,0,0
9,BR,0,0
10,BR,0,0
11,BR,0,0
12,BR,0,0
13,BR,0,0
14,BR,0,0
15,BR,0,0
16,BR,0,0
17,BR,0,0
18,BR,0,0
19,BR,0,0
20,BR,0,0
21,BR,0,0
22,BR,0,0
23,BR,0,0
24,BR,0,0
25,BR,0,0
26,BR,0,0
27,BR,0,0
28,BR,0,0
29,BR,0,0
30,BR,0,0
31,BR,0,0
32,BR,0,0
33,BR,0,0
34,BR,0,0
35,BR,0,0
36,BR,0,0
37,BR,0,0
38,BR,0,0
39,BR,0,0
40,BR,0,0
41,BR,0,0
42,BR,0,0
43,BR,0,0
44,BR,0,0
45,BR,0,0
46,BR,0,0
47,BR,0,0
48,BR,0,0
49,BR,0,0
50,BR,0,0
51,BR,0,0
52,BR,0,0
53,BR,0,0
54,BR,0,0
55,BR,0,0
56,BR,0,0
57,BR,0,0
58,BR,0,0
59,BR,5,0
60,BR,6,0
61,BR,45,0
62,BR,372,4
63,BR,2005,53
64,BR,3284,144
65,BR,8000,466
66,BR,11545,865
67,BR,17817,1209
68,BR,28807,2276
69,BR,42829,2904
70,BR,62874,4479
71,BR,94039,5571
72,BR,119594,6541
73,BR,164161,6687
74,BR,184120,7207
75,BR,183686,6835
76,BR,222717,7404
77,BR,256135,6949
78,BR,266548,7147
79,BR,258235,7392
80,BR,232830,7354
81,BR,323537,7052
82,BR,318730,7280
83,BR,307709,7207
84,BR,297724,6862
85,BR,262641,6692
86,BR,280936,6016
87,BR,211142,4868
88,BR,220190,5655
89,BR,209341,4989
90,BR,185918,4813
91,BR,191619,4573
92,BR,144487,3504
93,BR,160326,3839
94,BR,165687,3109
95,BR,126408,2550
96,BR,133995,2333
97,BR,211714,3870
98,BR,206950,3416
99,BR,268079,3702
100,BR,288212,4342
101,BR,295035,4640
102,BR,348787,5460
103,BR,244730,4422
104,BR,246849,5051
105,BR,385237,6958
106,BR,378227,6801
107,BR,359492,7387
108,BR,350062,7431
109,BR,316147,7211
110,BR,322416,7420
111,BR,335894,7589
112,BR,389051,8832
113,BR,475503,11009
114,BR,481106,13757
115,BR,526484,16549
116,BR,528090,18970
117,BR,442471,19301
118,BR,499414,21478
119,BR,443082,19578
120,BR,398487,17019
121,BR,415325,16566
122,BR,425817,13952
123,BR,450131,13510
124,BR,461373,12981
125,BR,430271,13168
126,BR,412649,11593
127,BR,496092,13904
128,BR,521432,14021
129,BR,458652,11268
130,BR,341710,10907
131,BR,296978,8946
132,BR,267444,8342
133,BR,329636,7655
134,BR,236744,6597
135,BR,226825,6341
136,BR,203541,5825
137,BR,198683,5144
138,BR,162004,4671
139,BR,136708,3758
140,BR,106252,3626
141,BR,227264,3643
142,BR,134696,4006
143,BR,117284,3383
144,BR,91023,2569
145,BR,74782,2457
146,BR,84105,2391
147,BR,72140,1825
148,BR,75901,1685
149,BR,68659,1722
150,BR,64498,1588
151,BR,64277,1615
152,BR,63267,1337
153,BR,38049,952
154,BR,23702,978
155,BR,35229,757
156,BR,69131,679
157,BR,305623,854
158,BR,582434,1279
159,BR,1099423,2326
160,BR,1308892,4224
161,BR,1156411,5743
162,BR,882432,5879
163,BR,692275,5731
164,BR,459838,4210
165,BR,327197,3199
166,BR,293795,2756
167,BR,250458,2111
168,BR,199782,1545
1,CL,0,0
2,CL,0,0
3,CL,0,0
4,CL,0,0
5,CL,0,0
6,CL,0,0
7,CL,0,0
8,CL,0,0
9,CL,0,0
10,CL,0,0
11,CL,0,0
12,CL,0,0
13,CL,0,0
14,CL,0,0
15,CL,0,0
16,CL,0,0
17,CL,0,0
18,CL,0,0
19,CL,0,0
20,CL,0,0
21,CL,0,0
22,CL,0,0
23,CL,0,0
24,CL,0,0
25,CL,0,0
26,CL,0,0
27,CL,0,0
28,CL,0,0
29,CL,0,0
30,CL,0,0
31,CL,0,0
32,CL,0,0
33,CL,0,0
34,CL,0,0
35,CL,0,0
36,CL,0,0
37,CL,0,0
38,CL,0,0
39,CL,0,0
40,CL,0,0
41,CL,0,0
42,CL,0,0
43,CL,0,0
44,CL,0,0
45,CL,0,0
46,CL,0,0
47,CL,0,0
48,CL,0,0
49,CL,0,0
50,CL,0,0
51,CL,0,0
52,CL,0,0
53,CL,0,0
54,CL,0,0
55,CL,0,0
56,CL,0,0
57,CL,0,0
58,CL,0,0
59,CL,0,0
60,CL,3,0
61,CL,20,0
62,CL,215,0
63,CL,904,3
64,CL,1889,13
65,CL,2515,32
66,CL,2727,46
67,CL,3023,66
68,CL,3839,56
69,CL,7913,65
70,CL,11333,65
71,CL,19236,198
72,CL,28672,297
73,CL,31339,434
74,CL,34868,1200
75,CL,72132,1140
76,CL,33788,1116
77,CL,27627,1022
78,CL,21040,820
79,CL,18122,613
80,CL,15197,1536
81,CL,15173,556
82,CL,13148,514
83,CL,13445,413
84,CL,11869,373
85,CL,12328,412
86,CL,12374,354
87,CL,12288,358
88,CL,12260,356
89,CL,10616,287
90,CL,13088,396
91,CL,11449,349
92,CL,10932,325
93,CL,10265,304
94,CL,9893,313
95,CL,9512,308
96,CL,9762,293
97,CL,9754,264
98,CL,9534,241
99,CL,9806,300
100,CL,10880,252
101,CL,11953,269
102,CL,14183,269
103,CL,15036,271
104,CL,19533,317
105,CL,27042,388
106,CL,28215,390
107,CL,29148,446
108,CL,26757,536
109,CL,23931,529
110,CL,23738,554
111,CL,23558,514
112,CL,27680,531
113,CL,32397,502
114,CL,37263,610
115,CL,42571,586
116,CL,47755,733
117,CL,47484,661
118,CL,51245,752
119,CL,47136,805
120,CL,42868,720
121,CL,38678,653
122,CL,37499,658
123,CL,40181,613
124,CL,43989,627
125,CL,50355,761
126,CL,50797,756
127,CL,45791,781
128,CL,36848,824
129,CL,27493,799
130,CL,20434,783
131,CL,15794,721
132,CL,10724,562
133,CL,9063,565
134,CL,7266,495
135,CL,6273,486
136,CL,5375,299
137,CL,4342,262
138,CL,3950,227
139,CL,3023,177
140,CL,3087,139
141,CL,3317,118
142,CL,4856,76
143,CL,5038,57
144,CL,6281,66
145,CL,9501,50
146,CL,12092,69
147,CL,13109,93
148,CL,15925,105
149,CL,17224,121
150,CL,16523,159
151,CL,15175,181
152,CL,12325,185
153,CL,9585,186
154,CL,8566,173
155,CL,8141,163
156,CL,11297,114
157,CL,28030,113
158,CL,60439,141
159,CL,117425,116
160,CL,201194,195
161,CL,244822,369
162,CL,243756,624
163,CL,211277,836
164,CL,176979,840
165,CL,132683,872
166,CL,105821,779
167,CL,79375,11930
168,CL,48436,475
1,DK,0,0
2,DK,0,0
3,DK,0,0
4,DK,0,0
5,DK,0,0
6,DK,0,0
7,DK,0,0
8,DK,0,0
9,DK,0,0
10,DK,0,0
11,DK,0,0
12,DK,0,0
13,DK,0,0
14,DK,0,0
15,DK,0,0
16,DK,0,0
17,DK,0,0
18,DK,0,0
19,DK,0,0
20,DK,0,0
21,DK,0,0
22,DK,0,0
23,DK,0,0
24,DK,0,0
25,DK,0,0
26,DK,0,0
27,DK,0,0
28,DK,0,0
29,DK,0,0
30,DK,0,0
31,DK,0,0
32,DK,0,0
33,DK,0,0
34,DK,0,0
35,DK,0,0
36,DK,0,0
37,DK,0,0
38,DK,0,0
39,DK,0,0
40,DK,0,0
41,DK,0,0
42,DK,0,0
43,DK,0,0
44,DK,0,0
45,DK,0,0
46,DK,0,0
47,DK,0,0
48,DK,0,0
49,DK,0,0
50,DK,0,0
51,DK,0,0
52,DK,0,0
53,DK,0,0
54,DK,0,0
55,DK,0,0
56,DK,0,0
57,DK,0,0
58,DK,0,0
59,DK,1,0
60,DK,14,0
61,DK,740,0
62,DK,389,6
63,DK,738,31
64,DK,1554,73
65,DK,2363,116
66,DK,1183,94
67,DK,1200,66
68,DK,1140,59
69,DK,834,56
70,DK,511,35
71,DK,443,22
72,DK,337,11
73,DK,276,12
74,DK,213,12
75,DK,313,6
76,DK,265,5
77,DK,139,2
78,DK,104,4
79,DK,227,4
80,DK,257,2
81,DK,336,3
82,DK,638,2
83,DK,978,5
84,DK,736,0
85,DK,557,3
86,DK,832,2
87,DK,1725,3
88,DK,2674,6
89,DK,3588,10
90,DK,3200,7
91,DK,2742,12
92,DK,2721,14
93,DK,4109,15
94,DK,6910,24
95,DK,7791,16
96,DK,6752,23
97,DK,8141,18
98,DK,8279,32
99,DK,10006,54
100,DK,16675,57
101,DK,25490,71
102,DK,20989,119
103,DK,16231,174
104,DK,12211,191
105,DK,8933,214
106,DK,5879,213
107,DK,4613,171
108,DK,3080,116
109,DK,3022,88
110,DK,2810,53
111,DK,3670,31
112,DK,3692,27
113,DK,3668,13
114,DK,4099,13
115,DK,4842,13
116,DK,4776,18
117,DK,4226,15
118,DK,4711,14
119,DK,5175,20
120,DK,4884,16
121,DK,6006,13
122,DK,7025,6
123,DK,7082,7
124,DK,6591,7
125,DK,6606,6
126,DK,4244,3
127,DK,2119,9
128,DK,1320,3
129,DK,1902,5
130,DK,3475,3
131,DK,6208,1
132,DK,5809,4
133,DK,5818,4
134,DK,6037,4
135,DK,6846,6
136,DK,6855,7
137,DK,6819,9
138,DK,5688,11
139,DK,3737,17
140,DK,2601,18
141,DK,2178,19
142,DK,2850,20
143,DK,3336,11
144,DK,4574,11
145,DK,6146,18
146,DK,10711,13
147,DK,13451,15
148,DK,19581,26
149,DK,25006,43
150,DK,28860,45
151,DK,30935,82
152,DK,40674,62
153,DK,58478,68
154,DK,82284,83
155,DK,105498,85
156,DK,106411,81
157,DK,137245,116
158,DK,201600,91
159,DK,299280,129
160,DK,311418,138
161,DK,299873,160
162,DK,299990,228
163,DK,223655,248
164,DK,137403,277
165,DK,104864,316
166,DK,69302,262
167,DK,45791,203
168,DK,31028,184
1,FR,0,0
2,FR,0,0
3,FR,0,0
4,FR,0,0
5,FR,0,0
6,FR,0,0
7,FR,0,0
8,FR,0,0
9,FR,0,0
10,FR,0,0
11,FR,0,0
12,FR,0,0
13,FR,0,0
14,FR,0,0
15,FR,0,0
16,FR,0,0
17,FR,0,0
18,FR,0,0
19,FR,0,0
20,FR,0,0
21,FR,0,0
22,FR,0,0
23,FR,0,0
24,FR,0,0
25,FR,0,0
26,FR,0,0
27,FR,0,0
28,FR,0,0
29,FR,0,0
30,FR,0,0
31,FR,0,0
32,FR,0,0
33,FR,0,0
34,FR,0,0
35,FR,0,0
36,FR,0,0
37,FR,0,0
38,FR,0,0
39,FR,0,0
40,FR,0,0
41,FR,0,0
42,FR,0,0
43,FR,0,0
44,FR,0,0
45,FR,0,0
46,FR,0,0
47,FR,0,0
48,FR,0,0
49,FR,0,0
50,FR,0,0
51,FR,0,0
52,FR,0,0
53,FR,0,0
54,FR,0,0
55,FR,5,0
56,FR,1,0
57,FR,5,0
58,FR,1,1
59,FR,5,1
60,FR,261,2
61,FR,1984,44
62,FR,6742,196
63,FR,15916,1086
64,FR,31341,2689
65,FR,24833,6834
66,FR,24061,6293
67,FR,12806,4163
68,FR,9105,2745
69,FR,8402,1715
70,FR,4430,1260
71,FR,4278,1052
72,FR,3496,462
73,FR,2774,421
74,FR,2809,293
75,FR,2597,252
76,FR,2044,146
77,FR,2277,122
78,FR,2694,96
79,FR,3387,142
80,FR,5641,45
81,FR,7443,60
82,FR,10916,62
83,FR,16668,61
84,FR,25518,91
85,FR,37246,77
86,FR,50336,128
87,FR,61975,97
88,FR,72447,244
89,FR,72912,393
90,FR,74630,473
91,FR,115873,465
92,FR,167698,569
93,FR,261265,986
94,FR,332626,1718
95,FR,302595,2871
96,FR,176388,3848
97,FR,114800,4148
98,FR,76910,3908
99,FR,71406,3196
100,FR,77677,2825
101,FR,93327,2709
102,FR,83997,2613
103,FR,88424,2402
104,FR,122684,2180
105,FR,118928,2464
106,FR,130675,2613
107,FR,132080,2801
108,FR,129256,3131
109,FR,110988,2839
110,FR,116636,2660
111,FR,127161,2176
112,FR,124655,2199
113,FR,142220,2051
114,FR,183929,1749
115,FR,224161,1714
116,FR,242380,2454
117,FR,203516,2024
118,FR,202301,2058
119,FR,179658,2084
120,FR,142592,2004
121,FR,105937,1680
122,FR,80449,1448
123,FR,81810,1041
124,FR,55884,810
125,FR,61360,712
126,FR,37043,411
127,FR,19706,353
128,FR,12599,269
129,FR,10929,204
130,FR,17233,156
131,FR,32390,128
132,FR,77556,110
133,FR,136506,165
134,FR,139235,241
135,FR,149171,321
136,FR,145071,461
137,FR,131310,681
138,FR,97020,426
139,FR,75073,504
140,FR,54330,401
141,FR,40861,379
142,FR,33831,287
143,FR,27319,242
144,FR,28613,171
145,FR,31325,177
146,FR,36417,185
147,FR,39087,199
148,FR,61040,217
149,FR,85000,269
150,FR,148911,389
151,FR,238869,508
152,FR,319897,774
153,FR,346267,922
154,FR,392328,1106
155,FR,728777,1236
156,FR,1366045,1413
157,FR,1964123,1467
158,FR,2171308,1505
159,FR,2473371,1809
160,FR,2060587,1746
161,FR,1300428,2240
162,FR,730378,1915
163,FR,468894,1559
164,FR,355634,1214
165,FR,371472,986
166,FR,505291,823
167,FR,709827,684
168,FR,941669,802
1,DE,0,0
2,DE,0,0
3,DE,0,0
4,DE,0,0
5,DE,0,0
6,DE,0,0
7,DE,0,0
8,DE,0,0
9,DE,0,0
10,DE,0,0
11,DE,0,0
12,DE,0,0
13,DE,0,0
14,DE,0,0
15,DE,0,0
16,DE,0,0
17,DE,0,0
18,DE,0,0
19,DE,0,0
20,DE,0,0
21,DE,0,0
22,DE,0,0
23,DE,0,0
24,DE,0,0
25,DE,0,0
26,DE,0,0
27,DE,0,0
28,DE,0,0
29,DE,0,0
30,DE,0,0
31,DE,0,0
32,DE,0,0
33,DE,0,0
34,DE,0,0
35,DE,0,0
36,DE,0,0
37,DE,0,0
38,DE,0,0
39,DE,0,0
40,DE,0,0
41,DE,0,0
42,DE,0,0
43,DE,0,0
44,DE,0,0
45,DE,0,0
46,DE,0,0
47,DE,0,0
48,DE,0,0
49,DE,0,0
50,DE,0,0
51,DE,0,0
52,DE,0,0
53,DE,0,0
54,DE,0,0
55,DE,4,0
56,DE,7,0
57,DE,4,0
58,DE,0,0
59,DE,6,0
60,DE,241,0
61,DE,1305,3
62,DE,6631,10
63,DE,28310,185
64,DE,37014,674
65,DE,34680,1235
66,DE,22248,1462
67,DE,17596,1525
68,DE,11073,1194
69,DE,6972,831
70,DE,6148,604
71,DE,4513,424
72,DE,2965,264
73,DE,3047,170
74,DE,2652,174
75,DE,2348,101
76,DE,4315,71
77,DE,3149,67
78,DE,2555,54
79,DE,2477,30
80,DE,3108,23
81,DE,4460,33
82,DE,5239,41
83,DE,6897,36
84,DE,8657,42
85,DE,9315,32
86,DE,8230,36
87,DE,9200,20
88,DE,10491,30
89,DE,12213,57
90,DE,13652,72
91,DE,18422,78
92,DE,31079,132
93,DE,50826,195
94,DE,88964,367
95,DE,116570,658
96,DE,129970,1052
97,DE,128363,1388
98,DE,127672,1790
99,DE,123201,2442
100,DE,135414,2770
101,DE,163958,3753
102,DE,180954,4645
103,DE,132622,4301
104,DE,115301,4536
105,DE,143552,6274
106,DE,109810,5902
107,DE,90428,5130
108,DE,73173,4829
109,DE,58232,3893
110,DE,50373,3063
111,DE,54081,2427
112,DE,57255,2115
113,DE,61005,1570
114,DE,79321,1322
115,DE,100912,1308
116,DE,119993,1103
117,DE,97679,1164
118,DE,142590,1674
119,DE,144268,1512
120,DE,139558,1651
121,DE,116235,1582
122,DE,92201,1532
123,DE,60689,1244
124,DE,36097,1093
125,DE,29978,945
126,DE,16661,645
127,DE,9826,594
128,DE,5851,437
129,DE,4227,322
130,DE,4486,203
131,DE,6806,178
132,DE,10178,139
133,DE,13808,149
134,DE,16674,123
135,DE,24078,104
136,DE,38712,109
137,DE,58024,139
138,DE,68303,174
139,DE,76010,242
140,DE,68744,339
141,DE,56810,401
142,DE,55835,400
143,DE,55877,389
144,DE,59262,434
145,DE,75068,414
146,DE,116744,610
147,DE,137916,707
148,DE,221882,1006
149,DE,301071,1340
150,DE,378435,1581
151,DE,403452,2059
152,DE,385024,2334
153,DE,308175,2690
154,DE,253229,2547
155,DE,185546,1853
156,DE,252478,1766
157,DE,381568,1683
158,DE,577158,1264
159,DE,918545,999
160,DE,1183833,1020
161,DE,1346776,1119
162,DE,1266401,1275
163,DE,1152328,1417
164,DE,1076028,1360
165,DE,1240525,1518
166,DE,1485319,1397
167,DE,1606389,1402
168,DE,1507979,1569
1,ID,0,0
2,ID,0,0
3,ID,0,0
4,ID,0,0
5,ID,0,0
6,ID,0,0
7,ID,0,0
8,ID,0,0
9,ID,0,0
10,ID,0,0
11,ID,0,0
12,ID,0,0
13,ID,0,0
14,ID,0,0
15,ID,0,0
16,ID,0,0
17,ID,0,0
18,ID,0,0
19,ID,0,0
20,ID,0,0
21,ID,0,0
22,ID,0,0
23,ID,0,0
24,ID,0,0
25,ID,0,0
26,ID,0,0
27,ID,0,0
28,ID,0,0
29,ID,0,0
30,ID,0,0
31,ID,0,0
32,ID,0,0
33,ID,0,0
34,ID,0,0
35,ID,0,0
36,ID,0,0
37,ID,0,0
38,ID,0,0
39,ID,0,0
40,ID,0,0
41,ID,0,0
42,ID,0,0
43,ID,0,0
44,ID,0,0
45,ID,0,0
46,ID,0,0
47,ID,0,0
48,ID,0,0
49,ID,0,0
50,ID,0,0
51,ID,0,0
52,ID,0,0
53,ID,0,0
54,ID,0,0
55,ID,0,0
56,ID,0,0
57,ID,0,0
58,ID,0,0
59,ID,0,0
60,ID,6,0
61,ID,28,1
62,ID,275,24
63,ID,584,53
64,ID,897,92
65,ID,1503,110
66,ID,2223,216
67,ID,2259,151
68,ID,2343,145
69,ID,2658,138
70,ID,3230,113
71,ID,4156,235
72,ID,4376,218
73,ID,4280,225
74,ID,6477,279
75,ID,7467,339
76,ID,7425,281
77,ID,9207,367
78,ID,11342,430
79,ID,10932,456
80,ID,11989,703
81,ID,12679,482
82,ID,12417,463
83,ID,14063,447
84,ID,14395,450
85,ID,15673,646
86,ID,21384,686
87,ID,22935,706
88,ID,25425,766
89,ID,29394,883
90,ID,29160,751
91,ID,29382,724
92,ID,28596,688
93,ID,28381,691
94,ID,26507,742
95,ID,21748,647
96,ID,26495,585
97,ID,31227,667
98,ID,33235,752
99,ID,41124,1003
100,ID,41056,981
101,ID,44575,1054
102,ID,49330,1199
103,ID,50360,1549
104,ID,54525,1382
105,ID,71877,1726
106,ID,82051,1957
107,ID,86342,2128
108,ID,85112,1670
109,ID,68885,1380
110,ID,60695,1588
111,ID,61949,1549
112,ID,46464,1379
113,ID,42624,1152
114,ID,40131,1093
115,ID,38706,939
116,ID,35295,973
117,ID,35026,1173
118,ID,36479,846
119,ID,37453,1099
120,ID,36056,1162
121,ID,34437,1162
122,ID,34347,1220
123,ID,27246,1171
124,ID,38601,1020
125,ID,39627,1188
126,ID,48816,1278
127,ID,64334,1380
128,ID,103719,2196
129,ID,149113,3046
130,ID,214680,4765
131,ID,309015,6432
132,ID,306536,8840
133,ID,297867,11520
134,ID,237125,11823
135,ID,205824,11289
136,ID,156145,8969
137,ID,113436,7549
138,ID,65357,4174
139,ID,44262,3760
140,ID,27954,1803
141,ID,20250,1195
142,ID,13545,825
143,ID,9383,555
144,ID,7612,354
145,ID,5735,272
146,ID,4698,213
147,ID,4270,167
148,ID,2956,108
149,ID,2587,101
150,ID,2470,73
151,ID,2183,68
152,ID,1562,68
153,ID,1297,61
154,ID,1351,63
155,ID,1332,46
156,ID,2129,28
157,ID,4221,39
158,ID,8754,44
159,ID,31626,62
160,ID,105213,150
161,ID,253071,447
162,ID,362448,970
163,ID,378326,1514
164,ID,259027,1926
165,ID,180545,2145
166,ID,91182,1799
167,ID,47748,1131
168,ID,25988,746
1,IE,0,0
2,IE,0,0
3,IE,0,0
4,IE,0,0
5,IE,0,0
6,IE,0,0
7,IE,0,0
8,IE,0,0
9,IE,0,0
10,IE,0,0
11,IE,0,0
12,IE,0,0
13,IE,0,0
14,IE,0,0
15,IE,0,0
16,IE,0,0
17,IE,0,0
18,IE,0,0
19,IE,0,0
20,IE,0,0
21,IE,0,0
22,IE,0,0
23,IE,0,0
24,IE,0,0
25,IE,0,0
26,IE,0,0
27,IE,0,0
28,IE,0,0
29,IE,0,0
30,IE,0,0
31,IE,0,0
32,IE,0,0
33,IE,0,0
34,IE,0,0
35,IE,0,0
36,IE,0,0
37,IE,0,0
38,IE,0,0
39,IE,0,0
40,IE,0,0
41,IE,0,0
42,IE,0,0
43,IE,0,0
44,IE,0,0
45,IE,0,0
46,IE,0,0
47,IE,0,0
48,IE,0,0
49,IE,0,0
50,IE,0,0
51,IE,0,0
52,IE,0,0
53,IE,0,0
54,IE,0,0
55,IE,0,0
56,IE,0,0
57,IE,0,0
58,IE,0,0
59,IE,0,0
60,IE,2,1
61,IE,35,0
62,IE,310,2
63,IE,1022,27
64,IE,1864,99
65,IE,3141,246
66,IE,5874,327
67,IE,3880,317
68,IE,3728,215
69,IE,2136,174
70,IE,1132,108
71,IE,1032,73
72,IE,537,39
73,IE,323,29
74,IE,143,26
75,IE,114,15
76,IE,73,14
77,IE,84,8
78,IE,90,7
79,IE,144,5
80,IE,139,2
81,IE,125,1
82,IE,357,2
83,IE,534,4
84,IE,707,1
85,IE,819,2
86,IE,753,0
87,IE,1044,6
88,IE,1614,13
89,IE,1886,10
90,IE,2488,8
91,IE,3405,15
92,IE,5607,26
93,IE,8115,30
94,IE,5968,40
95,IE,4033,40
96,IE,2813,44
97,IE,2884,51
98,IE,2120,37
99,IE,1903,43
100,IE,1860,41
101,IE,2309,27
102,IE,4974,43
103,IE,7996,58
104,IE,30894,90
105,IE,37919,226
106,IE,20166,390
107,IE,11841,440
108,IE,8243,437
109,IE,6585,304
110,IE,5844,203
111,IE,5149,164
112,IE,4313,113
113,IE,3404,76
114,IE,3630,55
115,IE,3930,41
116,IE,3723,48
117,IE,3476,37
118,IE,2794,29
119,IE,2597,23
120,IE,3156,18
121,IE,3223,13
122,IE,2952,11
123,IE,3005,10
124,IE,2797,10
125,IE,2736,8
126,IE,2555,3
127,IE,2136,5
128,IE,2088,6
129,IE,2433,4
130,IE,3240,4
131,IE,3965,1
132,IE,7379,6
133,IE,9163,10
134,IE,8105,8
135,IE,10909,14
136,IE,12686,18
137,IE,11897,20
138,IE,11592,36
139,IE,10181,52
140,IE,8939,39
141,IE,9479,34
142,IE,9292,42
143,IE,7959,51
144,IE,11411,54
145,IE,13209,52
146,IE,14289,50
147,IE,17903,77
148,IE,27420,53
149,IE,30188,55
150,IE,31080,60
151,IE,31721,72
152,IE,32970,59
153,IE,29544,57
154,IE,34975,57
155,IE,41928,44
156,IE,82600,56
157,IE,92992,85
158,IE,85735,58
159,IE,113154,62
160,IE,96511,71
161,IE,33361,61
162,IE,37097,41
163,IE,28946,41
164,IE,22970,35
165,IE,21737,37
166,IE,36902,35
167,IE,39504,33
168,IE,49534,60
1,IT,0,0
2,IT,0,0
3,IT,0,0
4,IT,0,0
5,IT,0,0
6,IT,0,0
7,IT,0,0
8,IT,0,0
9,IT,0,0
10,IT,0,0
11,IT,0,0
12,IT,0,0
13,IT,0,0
14,IT,0,0
15,IT,0,0
16,IT,0,0
17,IT,0,0
18,IT,0,0
19,IT,0,0
20,IT,0,0
21,IT,0,0
22,IT,0,0
23,IT,0,0
24,IT,0,0
25,IT,0,0
26,IT,0,0
27,IT,0,0
28,IT,0,0
29,IT,0,0
30,IT,0,0
31,IT,0,0
32,IT,0,0
33,IT,0,0
34,IT,0,0
35,IT,0,0
36,IT,0,0
37,IT,0,0
38,IT,0,0
39,IT,0,0
40,IT,0,0
41,IT,0,0
42,IT,0,0
43,IT,0,0
44,IT,0,0
45,IT,0,0
46,IT,0,0
47,IT,0,0
48,IT,0,0
49,IT,0,0
50,IT,0,0
51,IT,0,0
52,IT,0,0
53,IT,0,0
54,IT,0,0
55,IT,2,0
56,IT,1,0
57,IT,0,0
58,IT,0,0
59,IT,397,12
60,IT,2689,95
61,IT,9373,720
62,IT,23251,2151
63,IT,38673,4525
64,IT,36188,5652
65,IT,28848,4514
66,IT,25733,3976
67,IT,22172,3440
68,IT,16264,2597
69,IT,10866,2002
70,IT,7647,1422
71,IT,5260,1224
72,IT,3775,742
73,IT,2697,529
74,IT,1927,513
75,IT,2065,334
76,IT,1582,196
77,IT,1350,144
78,IT,1389,126
79,IT,1357,83
80,IT,1526,85
81,IT,1744,47
82,IT,2027,52
83,IT,2910,44
84,IT,3565,187
85,IT,7262,46
86,IT,8975,39
87,IT,10068,80
88,IT,9859,68
89,IT,11095,113
90,IT,12324,136
91,IT,19079,167
92,IT,38859,228
93,IT,76849,543
94,IT,140118,1073
95,IT,200611,1842
96,IT,238047,3206
97,IT,243928,4264
98,IT,208522,4811
99,IT,160736,5017
100,IT,128539,4694
101,IT,117995,4798
102,IT,103134,3858
103,IT,92411,3209
104,IT,118256,3273
105,IT,117091,3449
106,IT,95130,3355
107,IT,86981,3208
108,IT,82643,2930
109,IT,84476,2519
110,IT,83391,2202
111,IT,96907,2126
112,IT,127710,1969
113,IT,147094,2176
114,IT,158442,2621
115,IT,159052,2907
116,IT,142582,3007
117,IT,116949,3028
118,IT,108800,3183
119,IT,95706,2440
120,IT,89995,2259
121,IT,75506,1749
122,IT,60678,1539
123,IT,41447,1102
124,IT,29302,976
125,IT,21373,661
126,IT,14590,484
127,IT,10642,386
128,IT,7002,181
129,IT,4475,232
130,IT,5805,152
131,IT,10132,113
132,IT,21491,74
133,IT,33402,105
134,IT,39225,126
135,IT,43198,168
136,IT,43603,275
137,IT,45631,335
138,IT,44091,376
139,IT,38936,417
140,IT,32617,393
141,IT,27813,388
142,IT,22408,382
143,IT,21080,287
144,IT,17746,264
145,IT,18800,267
146,IT,26481,266
147,IT,30434,270
148,IT,43936,327
149,IT,56504,414
150,IT,71343,450
151,IT,89035,516
152,IT,108644,541
153,IT,129812,706
154,IT,190393,899
155,IT,381959,1014
156,IT,901607,1185
157,IT,1215033,1596
158,IT,1248323,2333
159,IT,1164170,2565
160,IT,852184,2550
161,IT,611691,2576
162,IT,417907,2066
163,IT,338415,1802
164,IT,264160,1450
165,IT,291424,1143
166,IT,404124,957
167,IT,506984,940
168,IT,498709,970
1,JP,0,0
2,JP,0,0
3,JP,0,0
4,JP,0,0
5,JP,0,0
6,JP,0,0
7,JP,0,0
8,JP,0,0
9,JP,0,0
10,JP,0,0
11,JP,0,0
12,JP,0,0
13,JP,0,0
14,JP,0,0
15,JP,0,0
16,JP,0,0
17,JP,0,0
18,JP,0,0
19,JP,0,0
20,JP,0,0
21,JP,0,0
22,JP,0,0
23,JP,0,0
24,JP,0,0
25,JP,0,0
26,JP,0,0
27,JP,0,0
28,JP,0,0
29,JP,0,0
30,JP,0,0
31,JP,0,0
32,JP,0,0
33,JP,0,0
34,JP,0,0
35,JP,0,0
36,JP,0,0
37,JP,0,0
38,JP,0,0
39,JP,0,0
40,JP,0,0
41,JP,0,0
42,JP,0,0
43,JP,0,0
44,JP,0,0
45,JP,0,0
46,JP,0,0
47,JP,0,0
48,JP,0,0
49,JP,0,0
50,JP,0,0
51,JP,0,0
52,JP,0,0
53,JP,1,0
54,JP,0,0
55,JP,7,0
56,JP,17,0
57,JP,3,1
58,JP,46,0
59,JP,112,3
60,JP,131,2
61,JP,302,10
62,JP,295,13
63,JP,377,16
64,JP,1265,15
65,JP,2212,25
66,JP,3814,51
67,JP,3337,151
68,JP,2169,128
69,JP,1375,136
70,JP,616,136
71,JP,345,90
72,JP,259,90
73,JP,335,36
74,JP,274,17
75,JP,376,15
76,JP,442,33
77,JP,764,7
78,JP,1497,6
79,JP,2519,4
80,JP,4139,5
81,JP,6020,14
82,JP,9214,22
83,JP,8884,37
84,JP,7354,81
85,JP,6167,82
86,JP,4931,93
87,JP,3622,87
88,JP,3788,67
89,JP,3032,47
90,JP,3522,51
91,JP,3457,42
92,JP,3690,33
93,JP,3814,39
94,JP,4328,48
95,JP,4986,61
96,JP,7873,57
97,JP,11255,71
98,JP,14295,100
99,JP,15566,191
100,JP,15746,252
101,JP,18530,274
102,JP,19036,311
103,JP,24165,364
104,JP,28089,377
105,JP,44230,442
106,JP,42598,510
107,JP,30386,618
108,JP,20822,659
109,JP,13583,658
110,JP,10396,518
111,JP,8145,451
112,JP,6995,405
113,JP,7453,350
114,JP,8185,315
115,JP,9711,221
116,JP,13876,224
117,JP,18102,139
118,JP,23246,199
119,JP,30304,264
120,JP,34563,343
121,JP,35135,410
122,JP,42506,648
123,JP,39625,775
124,JP,31599,661
125,JP,22338,644
126,JP,15617,596
127,JP,11530,428
128,JP,10102,284
129,JP,10538,228
130,JP,11734,116
131,JP,16060,93
132,JP,24745,107
133,JP,39776,63
134,JP,78167,68
135,JP,99094,102
136,JP,132458,171
137,JP,160801,236
138,JP,144410,386
139,JP,95889,402
140,JP,53892,434
141,JP,26961,360
142,JP,15671,286
143,JP,8116,214
144,JP,4897,201
145,JP,3088,137
146,JP,1972,71
147,JP,5686,62
148,JP,1323,28
149,JP,1183,18
150,JP,804,16
151,JP,726,10
152,JP,806,7
153,JP,971,7
154,JP,1394,7
155,JP,2233,10
156,JP,6518,5
157,JP,51717,14
158,JP,181823,45
159,JP,374605,142
160,JP,556940,350
161,JP,661750,793
162,JP,580009,1212
163,JP,538642,1575
164,JP,454466,1563
165,JP,406966,1394
166,JP,365542,1114
167,JP,278003,756
168,JP,315057,654
1,MX,0,0
2,MX,0,0
3,MX,0,0
4,MX,0,0
5,MX,0,0
6,MX,0,0
7,MX,0,0
8,MX,0,0
9,MX,0,0
10,MX,0,0
11,MX,0,0
12,MX,0,0
13,MX,0,0
14,MX,0,0
15,MX,0,0
16,MX,0,0
17,MX,0,0
18,MX,0,0
19,MX,0,0
20,MX,0,0
21,MX,0,0
22,MX,0,0
23,MX,0,0
24,MX,0,0
25,MX,0,0
26,MX,0,0
27,MX,0,0
28,MX,0,0
29,MX,0,0
30,MX,0,0
31,MX,0,0
32,MX,0,0
33,MX,0,0
34,MX,0,0
35,MX,0,0
36,MX,0,0
37,MX,0,0
38,MX,0,0
39,MX,0,0
40,MX,0,0
41,MX,0,0
42,MX,0,0
43,MX,0,0
44,MX,0,0
45,MX,0,0
46,MX,0,0
47,MX,0,0
48,MX,0,0
49,MX,0,0
50,MX,0,0
51,MX,0,0
52,MX,0,0
53,MX,0,0
54,MX,0,0
55,MX,0,0
56,MX,0,0
57,MX,0,0
58,MX,0,0
59,MX,1,0
60,MX,23,0
61,MX,64,0
62,MX,416,0
63,MX,942,10
64,MX,1684,82
65,MX,2776,275
66,MX,4468,574
67,MX,7727,1108
68,MX,10847,1920
69,MX,13133,2787
70,MX,16847,3078
71,MX,22041,3883
72,MX,25916,4089
73,MX,28655,4375
74,MX,33026,4713
75,MX,36140,5011
76,MX,38465,4704
77,MX,40965,4816
78,MX,44590,5244
79,MX,46328,5377
80,MX,50927,5583
81,MX,48440,5421
82,MX,43316,5075
83,MX,40763,4769
84,MX,38406,4168
85,MX,37952,3893
86,MX,39526,3642
87,MX,37323,3303
88,MX,32656,3127
89,MX,31468,2858
90,MX,33308,2677
91,MX,31974,2533
92,MX,36175,2593
93,MX,41907,2843
94,MX,44288,3294
95,MX,38791,3356
96,MX,46402,3548
97,MX,43577,3688
98,MX,52982,3920
99,MX,59280,4184
100,MX,68893,4383
101,MX,76508,4977
102,MX,77460,5508
103,MX,68691,6234
104,MX,79693,7015
105,MX,111798,8301
106,MX,107564,9362
107,MX,99171,9941
108,MX,69948,8756
109,MX,62018,7329
110,MX,46174,5800
111,MX,42125,4834
112,MX,41545,4082
113,MX,36872,3505
114,MX,29037,3141
115,MX,29885,2665
116,MX,26287,2271
117,MX,20866,2091
118,MX,25025,1988
119,MX,21285,1769
120,MX,19878,1468
121,MX,16953,1261
122,MX,14635,1041
123,MX,14630,869
124,MX,14555,757
125,MX,15359,704
126,MX,17616,657
127,MX,20671,671
128,MX,25477,752
129,MX,33474,820
130,MX,43331,1042
131,MX,66682,1254
132,MX,88689,1840
133,MX,113652,2659
134,MX,124153,3785
135,MX,131653,4584
136,MX,128556,5193
137,MX,110817,5631
138,MX,94144,5276
139,MX,81840,4742
140,MX,70201,4157
141,MX,53746,3664
142,MX,51642,3042
143,MX,38696,2577
144,MX,32600,2132
145,MX,26933,1777
146,MX,23908,1471
147,MX,18362,1247
148,MX,19742,1072
149,MX,16394,985
150,MX,19103,926
151,MX,17626,893
152,MX,17050,920
153,MX,15701,886
154,MX,16870,810
155,MX,31559,796
156,MX,100073,783
157,MX,305565,1058
158,MX,419610,1820
159,MX,337838,2931
160,MX,211281,3676
161,MX,109660,3338
162,MX,72079,2609
163,MX,45075,1672
164,MX,25840,1011
165,MX,15313,572
166,MX,10848,352
167,MX,6366,191
168,MX,5271,101
1,ES,0,0
2,ES,0,0
3,ES,0,0
4,ES,0,0
5,ES,0,0
6,ES,0,0
7,ES,0,0
8,ES,0,0
9,ES,0,0
10,ES,0,0
11,ES,0,0
12,ES,0,0
13,ES,0,0
14,ES,0,0
15,ES,0,0
16,ES,0,0
17,ES,0,0
18,ES,0,0
19,ES,0,0
20,ES,0,0
21,ES,0,0
22,ES,0,0
23,ES,0,0
24,ES,0,0
25,ES,0,0
26,ES,0,0
27,ES,0,0
28,ES,0,0
29,ES,0,0
30,ES,0,0
31,ES,0,0
32,ES,0,0
33,ES,0,0
34,ES,0,0
35,ES,0,0
36,ES,0,0
37,ES,0,0
38,ES,0,0
39,ES,0,0
40,ES,0,0
41,ES,0,0
42,ES,0,0
43,ES,0,0
44,ES,0,0
45,ES,0,0
46,ES,0,0
47,ES,0,0
48,ES,0,0
49,ES,0,0
50,ES,0,0
51,ES,0,0
52,ES,0,0
53,ES,0,0
54,ES,2,0
55,ES,0,0
56,ES,1,0
57,ES,1,0
58,ES,3,1
59,ES,7,0
60,ES,266,1
61,ES,2908,68
62,ES,17423,786
63,ES,46241,3467
64,ES,57466,6066
65,ES,39325,5531
66,ES,27113,4458
67,ES,19454,3196
68,ES,12777,2089
69,ES,6726,1403
70,ES,5378,936
71,ES,4464,516
72,ES,4211,434
73,ES,3373,297
74,ES,2982,206
75,ES,2248,150
76,ES,2200,99
77,ES,2398,69
78,ES,3129,34
79,ES,6012,25
80,ES,12069,36
81,ES,15665,57
82,ES,22692,96
83,ES,31225,180
84,ES,43630,221
85,ES,55028,329
86,ES,61916,414
87,ES,67367,531
88,ES,77124,744
89,ES,79688,822
90,ES,70157,905
91,ES,67931,881
92,ES,75395,947
93,ES,109146,1087
94,ES,143219,1456
95,ES,138438,1930
96,ES,132959,2317
97,ES,103694,2372
98,ES,72676,2016
99,ES,55491,1758
100,ES,43052,1430
101,ES,63520,1323
102,ES,70774,1127
103,ES,75868,1200
104,ES,117846,1370
105,ES,177536,1724
106,ES,242482,2636
107,ES,236804,3566
108,ES,180444,3746
109,ES,111011,3021
110,ES,65207,2247
111,ES,45852,1525
112,ES,36014,1191
113,ES,33180,895
114,ES,33389,704
115,ES,35940,546
116,ES,44911,539
117,ES,46309,538
118,ES,60685,586
119,ES,59151,564
120,ES,57245,504
121,ES,47918,467
122,ES,40362,420
123,ES,33846,325
124,ES,31220,254
125,ES,30838,192
126,ES,26674,196
127,ES,23713,137
128,ES,24232,125
129,ES,40353,107
130,ES,97493,83
131,ES,152145,103
132,ES,184039,212
133,ES,178847,440
134,ES,144501,602
135,ES,110128,723
136,ES,80002,822
137,ES,66564,657
138,ES,45604,624
139,ES,29759,486
140,ES,21050,394
141,ES,16208,334
142,ES,14042,194
143,ES,11160,175
144,ES,9479,140
145,ES,12056,117
146,ES,12549,115
147,ES,12944,92
148,ES,19437,127
149,ES,30103,149
150,ES,45963,159
151,ES,66716,210
152,ES,90975,286
153,ES,148424,360
154,ES,299021,502
155,ES,613527,582
156,ES,846150,770
157,ES,917763,952
158,ES,906656,1347
159,ES,788264,1514
160,ES,526884,1642
161,ES,328376,1498
162,ES,205728,1245
163,ES,140265,758
164,ES,105028,573
165,ES,113893,455
166,ES,110483,388
167,ES,119972,243
168,ES,71907,110
1,SE,0,0
2,SE,0,0
3,SE,0,0
4,SE,0,0
5,SE,0,0
6,SE,0,0
7,SE,0,0
8,SE,0,0
9,SE,0,0
10,SE,0,0
11,SE,0,0
12,SE,0,0
13,SE,0,0
14,SE,0,0
15,SE,0,0
16,SE,0,0
17,SE,0,0
18,SE,0,0
19,SE,0,0
20,SE,0,0
21,SE,0,0
22,SE,0,0
23,SE,0,0
24,SE,0,0
25,SE,0,0
26,SE,0,0
27,SE,0,0
28,SE,0,0
29,SE,0,0
30,SE,0,0
31,SE,0,0
32,SE,0,0
33,SE,0,0
34,SE,0,0
35,SE,0,0
36,SE,0,0
37,SE,0,0
38,SE,0,0
39,SE,0,0
40,SE,0,0
41,SE,0,0
42,SE,0,0
43,SE,0,0
44,SE,0,0
45,SE,0,0
46,SE,0,0
47,SE,0,0
48,SE,0,0
49,SE,0,0
50,SE,0,0
51,SE,0,0
52,SE,0,0
53,SE,0,0
54,SE,0,0
55,SE,0,0
56,SE,1,0
57,SE,0,0
58,SE,0,0
59,SE,0,0
60,SE,31,0
61,SE,392,1
62,SE,841,7
63,SE,1134,73
64,SE,2435,251
65,SE,3467,532
66,SE,3528,699
67,SE,4004,629
68,SE,4340,556
69,SE,3661,541
70,SE,4228,480
71,SE,3756,354
72,SE,3799,330
73,SE,4592,277
74,SE,6087,242
75,SE,7403,221
76,SE,7288,187
77,SE,6880,129
78,SE,3274,89
79,SE,2132,77
80,SE,1497,50
81,SE,1313,27
82,SE,1700,14
83,SE,2129,18
84,SE,1927,17
85,SE,1595,14
86,SE,1137,13
87,SE,1420,9
88,SE,1683,14
89,SE,2272,12
90,SE,3206,11
91,SE,3811,20
92,SE,4671,20
93,SE,6127,20
94,SE,10578,55
95,SE,20168,102
96,SE,28450,187
97,SE,30099,246
98,SE,34493,374
99,SE,35308,428
100,SE,38766,454
101,SE,42938,571
102,SE,47397,632
103,SE,41342,668
104,SE,39888,648
105,SE,34901,643
106,SE,25796,584
107,SE,22449,475
108,SE,20450,352
109,SE,19312,244
110,SE,21814,186
111,SE,25449,165
112,SE,27754,155
113,SE,26634,126
114,SE,30145,133
115,SE,33871,121
116,SE,38971,135
117,SE,36870,140
118,SE,43567,133
119,SE,38946,145
120,SE,36115,124
121,SE,35073,113
122,SE,32346,107
123,SE,23891,97
124,SE,15356,64
125,SE,8721,42
126,SE,6086,41
127,SE,2722,19
128,SE,4031,16
129,SE,1494,7
130,SE,1959,7
131,SE,1543,1
132,SE,2215,2
133,SE,3009,3
134,SE,4078,4
135,SE,5184,8
136,SE,6242,9
137,SE,6330,18
138,SE,7082,15
139,SE,7439,28
140,SE,7642,56
141,SE,5077,47
142,SE,4149,39
143,SE,4248,43
144,SE,4233,47
145,SE,3939,32
146,SE,5099,24
147,SE,5900,27
148,SE,5092,36
149,SE,5866,32
150,SE,8253,26
151,SE,12889,19
152,SE,15384,31
153,SE,19838,34
154,SE,25415,53
155,SE,35560,53
156,SE,71543,86
157,SE,135724,134
158,SE,190193,196
159,SE,273406,255
160,SE,250205,315
161,SE,149241,379
162,SE,40483,328
163,SE,20449,343
164,SE,16445,295
165,SE,11656,250
166,SE,9048,200
167,SE,8448,153
168,SE,6325,70
1,TH,0,0
2,TH,0,0
3,TH,0,0
4,TH,0,0
5,TH,0,0
6,TH,0,0
7,TH,0,0
8,TH,0,0
9,TH,0,0
10,TH,0,0
11,TH,0,0
12,TH,0,0
13,TH,0,0
14,TH,0,0
15,TH,0,0
16,TH,0,0
17,TH,0,0
18,TH,0,0
19,TH,0,0
20,TH,0,0
21,TH,0,0
22,TH,0,0
23,TH,0,0
24,TH,0,0
25,TH,0,0
26,TH,0,0
27,TH,0,0
28,TH,0,0
29,TH,0,0
30,TH,0,0
31,TH,0,0
32,TH,0,0
33,TH,0,0
34,TH,0,0
35,TH,0,0
36,TH,0,0
37,TH,0,0
38,TH,0,0
39,TH,0,0
40,TH,0,0
41,TH,0,0
42,TH,0,0
43,TH,0,0
44,TH,0,0
45,TH,0,0
46,TH,0,0
47,TH,0,0
48,TH,0,0
49,TH,0,0
50,TH,0,0
51,TH,0,0
52,TH,0,0
53,TH,5,0
54,TH,-1,0
55,TH,14,0
56,TH,11,0
57,TH,8,0
58,TH,2,0
59,TH,5,0
60,TH,3,1
61,TH,23,0
62,TH,202,0
63,TH,773,3
64,TH,830,11
65,TH,548,17
66,TH,249,14
67,TH,167,4
68,TH,115,4
69,TH,38,1
70,TH,26,1
71,TH,19,0
72,TH,28,1
73,TH,36,1
74,TH,24,0
75,TH,16,0
76,TH,17,0
77,TH,21,0
78,TH,23,0
79,TH,34,0
80,TH,33,0
81,TH,35,0
82,TH,26,0
83,TH,29,0
84,TH,30,0
85,TH,15,0
86,TH,23,0
87,TH,27,0
88,TH,36,0
89,TH,26,1
90,TH,53,0
91,TH,53,0
92,TH,43,0
93,TH,54,0
94,TH,44,0
95,TH,47,0
96,TH,42,1
97,TH,36,0
98,TH,54,0
99,TH,97,0
100,TH,130,0
101,TH,112,0
102,TH,1548,0
103,TH,1055,1
104,TH,2752,6
105,TH,1626,2
106,TH,1533,2
107,TH,3426,5
108,TH,5837,3
109,TH,2046,1
110,TH,1007,2
111,TH,653,1
112,TH,398,2
113,TH,436,0
114,TH,896,4
115,TH,949,3
116,TH,446,2
117,TH,1421,1
118,TH,7143,2
119,TH,10660,20
120,TH,15457,71
121,TH,13241,148
122,TH,16983,182
123,TH,25791,185
124,TH,21632,217
125,TH,28131,226
126,TH,18190,229
127,TH,20186,180
128,TH,24923,220
129,TH,32187,305
130,TH,43396,382
131,TH,63985,570
132,TH,80917,665
133,TH,107898,865
134,TH,132275,1101
135,TH,146466,1279
136,TH,150088,1644
137,TH,131010,1728
138,TH,113618,1789
139,TH,104063,1628
140,TH,95687,1222
141,TH,90376,931
142,TH,78862,843
143,TH,74822,691
144,TH,73407,611
145,TH,69875,530
146,TH,63394,447
147,TH,58451,456
148,TH,53545,421
149,TH,47156,371
150,TH,44202,327
151,TH,37402,266
152,TH,30858,237
153,TH,25373,202
154,TH,20041,215
155,TH,18323,171
156,TH,24926,108
157,TH,55207,103
158,TH,52605,104
159,TH,53960,111
160,TH,58701,130
161,TH,80150,136
162,TH,110538,174
163,TH,137939,230
164,TH,163812,302
165,TH,153695,442
166,TH,164241,483
167,TH,174882,584
168,TH,177367,551
1,UK,0,0
2,UK,0,0
3,UK,0,0
4,UK,0,0
5,UK,0,0
6,UK,0,0
7,UK,0,0
8,UK,0,0
9,UK,0,0
10,UK,0,0
11,UK,0,0
12,UK,0,0
13,UK,0,0
14,UK,0,0
15,UK,0,0
16,UK,0,0
17,UK,0,0
18,UK,0,0
19,UK,0,0
20,UK,0,0
21,UK,0,0
22,UK,0,0
23,UK,0,0
24,UK,0,0
25,UK,0,0
26,UK,0,0
27,UK,0,0
28,UK,0,0
29,UK,0,0
30,UK,0,0
31,UK,0,0
32,UK,0,0
33,UK,0,0
34,UK,0,0
35,UK,0,0
36,UK,0,0
37,UK,0,0
38,UK,0,0
39,UK,0,0
40,UK,0,0
41,UK,0,0
42,UK,0,0
43,UK,0,0
44,UK,0,0
45,UK,0,0
46,UK,0,0
47,UK,0,0
48,UK,0,0
49,UK,0,0
50,UK,0,0
51,UK,0,0
52,UK,0,0
53,UK,0,0
54,UK,0,0
55,UK,0,0
56,UK,20,0
57,UK,10,0
58,UK,3,0
59,UK,13,0
60,UK,144,3
61,UK,724,14
62,UK,3543,190
63,UK,10467,967
64,UK,23109,3256
65,UK,32849,6132
66,UK,29978,6688
67,UK,33199,5636
68,UK,32337,4526
69,UK,28504,3584
70,UK,22212,2660
71,UK,18053,2114
72,UK,13942,1559
73,UK,10255,1193
74,UK,7531,865
75,UK,7122,574
76,UK,6133,415
77,UK,4618,363
78,UK,4105,222
79,UK,4273,164
80,UK,4642,111
81,UK,5216,99
82,UK,5953,87
83,UK,7384,74
84,UK,7313,60
85,UK,8242,62
86,UK,10813,58
87,UK,21638,76
88,UK,22120,110
89,UK,36345,198
90,UK,56279,316
91,UK,97555,463
92,UK,116616,730
93,UK,137337,1150
94,UK,154531,1695
95,UK,161147,2327
96,UK,170293,2795
97,UK,162160,3006
98,UK,116580,3278
99,UK,103136,3108
100,UK,117652,3015
101,UK,180669,3131
102,UK,259609,3619
103,UK,308872,4419
104,UK,421188,5506
105,UK,346527,7384
106,UK,278754,8921
107,UK,197184,8346
108,UK,149701,6849
109,UK,109118,4960
110,UK,85314,3671
111,UK,72292,2481
112,UK,47588,1613
113,UK,39993,1036
114,UK,39251,717
115,UK,38348,472
116,UK,33138,287
117,UK,21361,206
118,UK,19481,189
119,UK,16787,137
120,UK,15624,117
121,UK,14139,87
122,UK,15923,79
123,UK,15671,54
124,UK,18815,51
125,UK,26748,60
126,UK,44388,69
127,UK,58445,81
128,UK,84719,108
129,UK,146649,129
130,UK,204154,194
131,UK,256473,286
132,UK,334598,408
133,UK,199143,509
134,UK,185155,615
135,UK,201174,614
136,UK,219218,679
137,UK,242063,784
138,UK,243788,826
139,UK,271577,979
140,UK,212628,999
141,UK,226698,980
142,UK,243427,861
143,UK,237807,797
144,UK,280599,799
145,UK,329580,926
146,UK,297908,1063
147,UK,276108,1217
148,UK,244307,1120
149,UK,287417,1027
150,UK,301001,883
151,UK,314442,830
152,UK,346453,877
153,UK,459874,793
154,UK,776780,779
155,UK,1053405,915
156,UK,1502397,1241
157,UK,952264,1778
158,UK,711567,1980
159,UK,727678,1898
160,UK,648348,1818
161,UK,486924,1333
162,UK,347389,1034
163,UK,285874,829
164,UK,240521,705
165,UK,357309,698
166,UK,541362,742
167,UK,603995,945
168,UK,537664,879
1,TR,0,0
2,TR,0,0
3,TR,0,0
4,TR,0,0
5,TR,0,0
6,TR,0,0
7,TR,0,0
8,TR,0,0
9,TR,0,0
10,TR,0,0
11,TR,0,0
12,TR,0,0
13,TR,0,0
14,TR,0,0
15,TR,0,0
16,TR,0,0
17,TR,0,0
18,TR,0,0
19,TR,0,0
20,TR,0,0
21,TR,0,0
22,TR,0,0
23,TR,0,0
24,TR,0,0
25,TR,0,0
26,TR,0,0
27,TR,0,0
28,TR,0,0
29,TR,0,0
30,TR,0,0
31,TR,0,0
32,TR,0,0
33,TR,0,0
34,TR,0,0
35,TR,0,0
36,TR,0,0
37,TR,0,0
38,TR,0,0
39,TR,0,0
40,TR,0,0
41,TR,0,0
42,TR,0,0
43,TR,0,0
44,TR,0,0
45,TR,0,0
46,TR,0,0
47,TR,0,0
48,TR,0,0
49,TR,0,0
50,TR,0,0
51,TR,0,0
52,TR,0,0
53,TR,0,0
54,TR,0,0
55,TR,0,0
56,TR,0,0
57,TR,0,0
58,TR,0,0
59,TR,0,0
60,TR,0,0
61,TR,1,0
62,TR,190,2
63,TR,2242,57
64,TR,13246,218
65,TR,22547,535
66,TR,31166,706
67,TR,29282,858
68,TR,18915,705
69,TR,14155,503
70,TR,11370,368
71,TR,9473,270
72,TR,7210,209
73,TR,6625,178
74,TR,6614,137
75,TR,9691,115
76,TR,8930,164
77,TR,9441,125
78,TR,7840,132
79,TR,7002,137
80,TR,6462,126
81,TR,19982,114
82,TR,54298,125
83,TR,55390,107
84,TR,55826,148
85,TR,56509,144
86,TR,57904,279
87,TR,58752,375
88,TR,58558,412
89,TR,58788,462
90,TR,57704,484
91,TR,57585,414
92,TR,58422,405
93,TR,60086,499
94,TR,62197,514
95,TR,63106,531
96,TR,64654,587
97,TR,70686,675
98,TR,89219,1020
99,TR,211613,1289
100,TR,224462,1402
101,TR,210022,1590
102,TR,154445,1740
103,TR,111662,1781
104,TR,89659,1428
105,TR,71908,1255
106,TR,50377,1162
107,TR,43623,989
108,TR,51240,878
109,TR,55758,739
110,TR,52522,645
111,TR,55835,547
112,TR,69642,486
113,TR,87107,456
114,TR,108611,469
115,TR,160728,766
116,TR,225900,1075
117,TR,316743,1406
118,TR,391632,1791
119,TR,421034,2241
120,TR,304435,2423
121,TR,204568,2485
122,TR,116868,1938
123,TR,78576,1598
124,TR,61085,1368
125,TR,51574,981
126,TR,42993,660
127,TR,41559,522
128,TR,39296,408
129,TR,38107,374
130,TR,34271,316
131,TR,40228,319
132,TR,54166,342
133,TR,106152,415
134,TR,162018,643
135,TR,173737,798
136,TR,142228,1110
137,TR,135229,1537
138,TR,138596,1788
139,TR,154291,1913
140,TR,172322,1728
141,TR,193563,1666
142,TR,192513,1531
143,TR,202351,1535
144,TR,212906,1468
145,TR,203916,1433
146,TR,191868,1495
147,TR,185219,1529
148,TR,194198,1415
149,TR,165562,1489
150,TR,171186,1416
151,TR,165972,1420
152,TR,146567,1369
153,TR,135613,1289
154,TR,128511,1261
155,TR,173248,1102
156,TR,316778,1016
157,TR,476815,1050
158,TR,468696,1128
159,TR,503555,1234
160,TR,665238,1344
161,TR,721509,1646
162,TR,619185,1911
163,TR,588322,1870
164,TR,443940,1579
165,TR,252760,1117
166,TR,164147,899
167,TR,120409,668
168,TR,102787,456
1,US,0,0
2,US,0,0
3,US,0,0
4,US,0,0
5,US,0,0
6,US,0,0
7,US,0,0
8,US,0,0
9,US,0,0
10,US,0,0
11,US,0,0
12,US,0,0
13,US,0,0
14,US,0,0
15,US,0,0
16,US,0,0
17,US,0,0
18,US,0,0
19,US,0,0
20,US,0,0
21,US,0,0
22,US,0,0
23,US,0,0
24,US,0,0
25,US,0,0
26,US,0,0
27,US,0,0
28,US,0,0
29,US,0,0
30,US,0,0
31,US,0,0
32,US,0,0
33,US,0,0
34,US,0,0
35,US,0,0
36,US,0,0
37,US,0,0
38,US,0,0
39,US,0,0
40,US,0,0
41,US,0,0
42,US,0,0
43,US,0,0
44,US,0,0
45,US,0,0
46,US,0,0
47,US,0,0
48,US,0,0
49,US,0,0
50,US,0,0
51,US,0,0
52,US,0,0
53,US,0,0
54,US,1,0
55,US,2,0
56,US,8,0
57,US,1,0
58,US,9,0
59,US,23,0
60,US,131,11
61,US,1526,30
62,US,11147,111
63,US,60593,831
64,US,138822,3966
65,US,207277,11004
66,US,210861,15105
67,US,192955,16060
68,US,206113,13339
69,US,190137,13272
70,US,174557,11188
71,US,169315,9273
72,US,154986,7486
73,US,151131,6753
74,US,144367,5655
75,US,165945,4869
76,US,214838,4297
77,US,297021,6067
78,US,371599,4841
79,US,443408,6363
80,US,467461,7279
81,US,450643,7998
82,US,403628,7962
83,US,371865,7599
84,US,338159,6978
85,US,295127,6587
86,US,295315,6009
87,US,268384,5167
88,US,261849,5103
89,US,303970,4979
90,US,292328,4768
91,US,309988,4618
92,US,366138,4707
93,US,413179,5234
94,US,512612,5885
95,US,692915,6498
96,US,882272,8366
97,US,1115821,9246
98,US,1212830,12031
99,US,1133127,12318
100,US,1444918,16572
101,US,1470929,18395
102,US,1493714,19492
103,US,1276820,17531
104,US,1543368,20472
105,US,1721860,23650
106,US,1388103,22276
107,US,1155031,22469
108,US,979327,21364
109,US,732411,18536
110,US,562249,18824
111,US,453895,13491
112,US,442929,12154
113,US,392911,9218
114,US,380959,7538
115,US,395537,6027
116,US,444265,5910
117,US,443985,4951
118,US,480291,5026
119,US,432788,4727
120,US,360377,4479
121,US,325900,4654
122,US,253935,4203
123,US,209921,3797
124,US,161102,3541
125,US,116741,2882
126,US,103233,3011
127,US,91932,2037
128,US,82033,1939
129,US,94577,1935
130,US,100099,1514
131,US,335738,1727
132,US,277961,1954
133,US,457118,2557
134,US,648138,3761
135,US,834505,5181
136,US,951345,6387
137,US,1060484,9347
138,US,1126502,10938
139,US,1059264,11413
140,US,1072743,13284
141,US,939393,13402
142,US,797822,13431
143,US,704772,12028
144,US,634561,11047
145,US,548492,11188
146,US,496205,9393
147,US,527939,8226
148,US,522882,7491
149,US,623360,7331
150,US,672430,10244
151,US,583584,6079
152,US,860539,8594
153,US,835360,8605
154,US,1126921,9640
155,US,1940181,10997
156,US,3845386,9653
157,US,5335787,12955
158,US,5319326,13707
159,US,4468383,18150
160,US,2883552,18926
161,US,1633440,17982
162,US,912021,16173
163,US,543513,12663
164,US,405183,12183
165,US,259142,8073
166,US,228559,4143
167,US,189701,5555
168,US,199826,4693
